name,local health area,Zone,active cases,recovered cases,total cases,deaths,dose 1,dose 2,total dose administered,# of total outbreaks,population,population region,population ratio,age (0-14),age (15-64),age (65-84),age (85+),male,female,avg household size,non-immigrants,immigrants,recent immigrants,non pr,aboriginal,no certificate,high school,post-secondary,# of population over 15,labour participation rate,employement rate,driver+passenger,public transit,walked+bike,low income
ABBOTTSFIELD (2010) ( 9.9%),Abbottsfield,Edmonton,4,94,100,1,880,149,1029,0,216,13300,0.127443609,450,1165,85,0,835,860,3.1,1035,540,175,120,175,330,415,495,1245,67.1,58.2,480,140,25,480
BEACON HEIGHTS (2040) ( 5.8%),Abbottsfield,Edmonton,7,156,165,2,1461,248,1709,0,596,13300,0.211654135,330,2010,410,70,1445,1375,2.7,2295,515,45,10,315,750,770,960,2485,61.4,53.9,1075,165,45,360
BERGMAN (2090) ( 4.6%),Abbottsfield,Edmonton,4,90,95,1,841,143,983,0,197,13300,0.121804511,280,1145,175,20,815,805,2.9,1335,285,30,0,80,320,400,615,1340,69,61.9,690,80,25,120
BEVERLY HEIGHTS (2100) ( 6.1%),Abbottsfield,Edmonton,9,197,209,3,1848,313,2161,0,953,13300,0.267669173,585,2305,550,120,1815,1745,2.8,3075,465,70,20,400,640,840,1495,2975,61.2,53.6,1275,190,45,580
RUNDLE HEIGHTS (2660) ( 4.4%),Abbottsfield,Edmonton,9,200,212,3,1874,318,2192,0,980,13300,0.271428571,960,2250,365,35,1830,1780,3.1,2560,990,355,60,450,710,800,1140,2650,62.3,52.5,1070,195,30,1015
KINGLET GARDENS (4477) ( 4.4%),Bonnie Doon,Edmonton,0,8,8,0,136,24,160,0,0,89895,0.002169197,15,130,55,0,100,95,2.7,135,65,0,0,0,10,55,115,180,59.5,62.2,90,0,0,
ALLENDALE (5010) ( 8.1%),Bonnie Doon,Edmonton,2,113,118,3,2033,360,2392,0,95,89895,0.032482341,325,2340,235,25,1555,1360,2.8,2335,460,120,125,135,315,785,1495,2595,77.9,69.6,1275,315,145,320
BELGRAVIA (5040) ( 3.9%),Bonnie Doon,Edmonton,1,90,94,3,1615,286,1901,0,60,89895,0.025807887,395,1535,330,55,1105,1215,3,1665,565,60,85,45,110,325,1490,1925,65.5,61.8,610,250,200,165
GARNEAU (5200) ( 8.0%),Bonnie Doon,Edmonton,4,261,273,8,4699,831,5530,0,507,89895,0.075087602,205,5980,500,60,3440,3310,2.3,3775,1375,445,1595,175,185,1710,4645,6545,66.8,60.3,1640,755,1265,2025
LENDRUM PLACE (5270) ( 4.6%),Bonnie Doon,Edmonton,1,73,76,2,1305,231,1536,0,39,89895,0.020857667,265,1240,310,60,965,910,2.8,1420,410,105,45,70,145,360,1105,1605,59.6,57.8,610,170,100,160
MCKERNAN (5290) ( 6.2%),Bonnie Doon,Edmonton,2,97,101,3,1737,307,2044,0,69,89895,0.027754603,215,2025,205,45,1310,1185,2.6,1800,425,55,275,70,110,555,1620,2280,76.5,69.5,800,320,360,350
PARKALLEN (5310) ( 3.2%),Bonnie Doon,Edmonton,1,90,95,3,1626,288,1913,0,61,89895,0.025974748,330,1785,200,20,1160,1170,2.8,1940,330,65,65,75,135,540,1330,2005,78.8,74.3,775,315,235,150
PLEASANTVIEW (5320) ( 5.5%),Bonnie Doon,Edmonton,2,148,155,5,2670,472,3142,0,164,89895,0.042660882,570,2770,465,35,1880,1955,2.7,2515,1145,450,175,135,305,835,2125,3265,74,67.3,1455,435,165,450
QUEEN ALEXANDRA (5330) ( 7.9%),Bonnie Doon,Edmonton,3,185,194,6,3335,590,3924,0,255,89895,0.053284387,375,3930,430,50,2405,2380,2.5,3315,1035,395,440,285,335,980,3100,4415,76.4,68.1,1635,665,535,840
STRATHCONA (5480) ( 8.5%),Bonnie Doon,Edmonton,5,337,353,10,6074,1074,7148,0,847,89895,0.097057678,710,7120,825,70,4505,4220,2.5,6430,1640,500,655,415,600,1660,5755,8015,80.2,74.9,3340,1115,1105,1150
WINDSOR PARK (5580) ( 3.0%),Bonnie Doon,Edmonton,1,51,53,2,912,161,1073,0,19,89895,0.014572557,205,815,235,60,680,625,3,935,320,25,50,20,60,205,845,1105,63.8,58.4,330,40,170,75
ARGYLL (6010) ( 6.0%),Bonnie Doon,Edmonton,1,35,37,1,630,111,741,0,9,89895,0.010067301,140,630,90,45,435,465,2.7,750,150,30,0,20,110,190,470,770,76,71.4,410,60,40,30
AVONMORE (6020) ( 6.5%),Bonnie Doon,Edmonton,1,87,91,3,1570,278,1848,0,57,89895,0.025084821,370,1465,340,75,1140,1110,2.7,1935,295,45,20,145,240,470,1180,1885,67.1,63.1,930,100,85,255
BONNIE DOON (6040) ( 6.0%),Bonnie Doon,Edmonton,3,170,178,5,3063,542,3605,0,215,89895,0.048945993,515,3285,475,125,2240,2160,2.7,3565,675,95,160,245,425,925,2535,3885,73.4,66.8,1770,325,250,480
CAPILANO (6061) ( 2.3%),Bonnie Doon,Edmonton,2,109,114,3,1956,346,2302,0,88,89895,0.031258691,435,1830,470,70,1425,1380,2.9,2495,305,10,10,105,160,565,1650,2375,68.4,64.2,1235,95,50,95
CLOVERDALE (6070) ( 8.0%),Bonnie Doon,Edmonton,1,37,39,1,668,118,787,0,10,89895,0.010679126,125,735,90,10,505,455,2.6,835,100,10,20,25,50,155,625,830,74.1,70.5,480,35,25,40
CPR IRVINE (6110) ( 12.6%),Bonnie Doon,Edmonton,0,8,8,0,139,25,164,0,0,89895,0.002224818,0,195,0,0,115,80,2.1,160,20,0,15,15,0,70,125,195,84.6,79.5,90,25,20,
FOREST HEIGHTS (6230) ( 1.9%),Bonnie Doon,Edmonton,2,148,155,5,2663,471,3134,0,163,89895,0.042549641,425,2720,550,125,1940,1880,2.6,3165,580,75,80,230,525,830,2045,3395,68.8,62.7,1605,295,80,390
FULTON PLACE (6240) ( 4.8%),Bonnie Doon,Edmonton,1,85,89,3,1532,271,1802,0,54,89895,0.024472996,250,1495,365,85,1125,1075,2.6,2005,175,25,20,160,270,475,1195,1950,63.2,56.8,805,140,65,115
GOLD BAR (6270) ( 7.8%),Bonnie Doon,Edmonton,2,109,114,3,1963,347,2310,0,88,89895,0.031369932,510,1890,360,60,1360,1455,2.9,2465,295,130,60,190,365,710,1240,2310,70.8,63.9,1185,135,80,290
HAZELDEAN (6290) ( 7.1%),Bonnie Doon,Edmonton,2,127,133,4,2280,403,2683,0,119,89895,0.036431392,590,2365,275,45,1705,1570,2.7,2860,375,120,45,320,345,695,1645,2690,75,66.9,1305,170,190,305
HOLYROOD (6310) ( 4.5%),Bonnie Doon,Edmonton,2,130,136,4,2339,414,2753,0,126,89895,0.03737694,540,2365,390,65,1690,1675,2.8,2960,365,50,35,185,360,740,1720,2825,70.4,65.2,1385,225,105,255
IDYLWYLDE (6320) ( 3.3%),Bonnie Doon,Edmonton,1,67,70,2,1201,212,1413,0,33,89895,0.019189054,185,1110,370,65,805,920,2.5,1300,350,115,70,120,215,365,965,1545,59.5,53.4,560,190,15,180
KENILWORTH (6350) ( 5.6%),Bonnie Doon,Edmonton,2,98,103,3,1768,313,2081,0,72,89895,0.028255187,295,1660,515,75,1235,1305,2.6,2110,390,55,40,190,400,610,1235,2245,63.8,59.2,1110,125,30,155
KING EDWARD PARK (6360) ( 7.4%),Bonnie Doon,Edmonton,3,181,189,6,3258,576,3834,0,244,89895,0.052060738,570,3715,320,80,2430,2250,2.6,3890,665,180,135,330,695,1065,2355,4110,76.9,70.4,2195,375,155,450
MAPLE RIDGE (6410) ( 5.1%),Bonnie Doon,Edmonton,1,66,69,2,1180,209,1389,0,32,89895,0.018855331,205,1225,255,15,875,825,2.5,1580,120,10,0,140,380,540,575,1490,65.4,59.7,755,105,0,215
MAPLE RIDGE INDUSTRIAL (6420) ( 29.4%),Bonnie Doon,Edmonton,0,4,5,0,80,14,94,0,0,89895,0.00127927,15,55,45,0,65,50,2.7,90,25,0,0,15,20,30,50,105,60,45,25,0,0,
OTTEWELL (6550) ( 5.7%),Bonnie Doon,Edmonton,4,223,233,7,4010,709,4719,0,369,89895,0.064074754,755,3840,975,190,2905,2850,2.8,4945,755,210,60,345,765,1255,2980,5005,65,58.1,2225,315,185,275
RITCHIE (6610) ( 8.2%),Bonnie Doon,Edmonton,3,158,165,5,2840,502,3343,0,185,89895,0.045386284,380,3240,385,80,2035,2045,2.5,3310,650,215,120,220,420,840,2440,3695,75.7,69.7,1830,335,230,420
STRATHEARN (6710) ( 5.9%),Bonnie Doon,Edmonton,2,96,100,3,1726,305,2032,0,68,89895,0.027587741,370,1885,190,35,1250,1230,2.7,2010,435,135,35,215,200,510,1395,2105,76,69.1,1085,190,95,235
TERRACE HEIGHTS (6730) ( 2.5%),Bonnie Doon,Edmonton,1,87,91,3,1573,278,1852,0,57,89895,0.025140442,390,1620,190,55,1115,1145,2.8,1720,470,210,70,175,310,530,1025,1865,70,65.7,830,175,155,375
LAGO LINDO (2450) ( 3.8%),Castle Downs,Edmonton,8,290,299,1,2207,367,2574,0,210,69790,0.054807279,670,2745,395,15,1950,1875,3,2910,910,100,0,200,500,1030,1625,3155,72.7,66.2,1705,235,25,345
BARANOW (3020) ( 8.1%),Castle Downs,Edmonton,4,132,136,1,1004,167,1171,0,43,69790,0.024931939,355,1185,185,15,820,920,2.7,975,735,240,35,55,285,355,740,1380,67.4,63.4,740,70,30,410
BATURYN (3030) ( 4.3%),Castle Downs,Edmonton,10,374,386,2,2851,474,3325,0,350,69790,0.07078378,1010,3270,625,35,2485,2460,3,3840,1045,120,60,395,785,1285,1855,3930,64,58.1,1890,250,35,570
BEAUMARIS (3040) ( 6.6%),Castle Downs,Edmonton,9,345,356,1,2628,437,3066,0,297,69790,0.06526723,780,2645,970,165,2140,2415,3,2890,1620,350,50,210,810,1195,1770,3780,54.2,49.3,1540,175,25,740
CAERNARVON (3060) ( 5.2%),Castle Downs,Edmonton,9,334,344,1,2542,423,2965,0,278,69790,0.063117925,945,2940,500,20,2110,2295,3.1,2925,1380,365,105,270,685,1155,1620,3460,68.5,61.6,1685,235,45,770
CANOSSA (3080) ( 4.0%),Castle Downs,Edmonton,7,259,267,1,1973,328,2302,0,168,69790,0.049004155,765,2390,240,25,1685,1735,3.1,2345,1055,105,25,90,465,765,1425,2655,77.5,71.7,1620,160,20,185
CARLISLE (3090) ( 4.9%),Castle Downs,Edmonton,8,297,306,1,2259,376,2635,0,220,69790,0.056096862,845,2610,420,35,2030,1885,3.2,2610,1275,315,35,295,765,995,1310,3070,69.4,60.6,1540,165,35,605
GRIESBACH (3111) ( 7.3%),Castle Downs,Edmonton,9,338,349,1,2577,429,3005,0,286,69790,0.063977647,1110,3015,315,25,2120,2350,3,3300,1125,215,45,280,425,810,2120,3355,77.8,73.6,2090,205,20,190
CHAMBERY (3120) ( 6.6%),Castle Downs,Edmonton,6,206,212,1,1570,261,1831,0,106,69790,0.038974065,775,1825,105,20,1350,1370,3.6,1810,900,70,15,85,305,605,1035,1945,77.6,74,1240,100,0,245
CUMBERLAND (3150) ( 0.5%),Castle Downs,Edmonton,13,495,511,2,3774,628,4402,0,613,69790,0.093709701,1520,4640,365,20,3245,3295,3.1,4380,2030,280,130,160,740,1500,2785,5020,77.6,71.6,3010,285,75,255
DUNLUCE (3180) ( 5.3%),Castle Downs,Edmonton,13,495,511,2,3774,628,4402,0,613,69790,0.093709701,1340,4505,660,35,3305,3230,3,4925,1540,390,70,515,1055,1725,2420,5200,69.9,63.3,2640,425,70,1130
ELSINORE (3190) ( 1.1%),Castle Downs,Edmonton,4,156,161,1,1192,198,1390,0,61,69790,0.029588766,335,1360,320,50,945,1115,3,1475,585,50,0,20,245,420,1065,1730,69.3,64.6,950,100,20,45
LORELEI (3280) ( 6.0%),Castle Downs,Edmonton,9,330,340,1,2513,418,2931,0,272,69790,0.06240149,885,2860,585,25,2205,2155,3.1,2815,1440,375,105,360,765,1100,1605,3475,63.4,57.2,1565,260,45,765
OXFORD (3320) ( 2.7%),Castle Downs,Edmonton,8,296,305,1,2253,375,2628,0,218,69790,0.055953575,760,2800,330,10,1925,1980,3.3,2380,1470,240,50,120,580,935,1625,3140,70.6,65.3,1735,180,35,355
PEMBINA (3340) ( 9.1%),Castle Downs,Edmonton,1,42,44,0,323,54,377,0,4,69790,0.008024072,70,395,85,10,290,270,2.6,340,215,25,10,15,95,115,280,490,70.1,66,285,0,20,80
RAPPERSWILL (3370) ( 5.2%),Castle Downs,Edmonton,5,180,185,1,1370,228,1598,0,81,69790,0.034030663,555,1770,45,0,1185,1195,3.1,1440,900,350,35,65,225,420,1180,1820,84.3,79.7,1260,105,35,30
ALBANY (3460) ( 8.8%),Castle Downs,Edmonton,3,102,105,0,776,129,905,0,26,69790,0.019272102,315,995,30,10,700,645,3,840,485,110,20,25,110,295,625,1030,85.4,81.1,740,40,10,90
CARLTON (3470) ( 5.0%),Castle Downs,Edmonton,11,400,412,2,3047,507,3554,0,399,69790,0.075655538,1380,3565,320,15,2600,2685,3.2,3470,1665,285,145,145,590,1040,2275,3905,77.2,72.7,2450,175,40,395
HUDSON (3480) ( 6.0%),Castle Downs,Edmonton,5,191,197,1,1454,242,1696,0,91,69790,0.036108325,505,1875,130,10,1265,1250,3.3,1480,1015,210,25,45,405,575,1035,2010,75.1,68.9,1195,95,50,130
DECOTEAU (6663) ( 5.6%),Castle Downs,Edmonton,1,24,25,0,185,31,215,0,1,69790,0.004585184,60,215,45,0,180,140,2.9,215,105,20,0,20,40,70,150,260,69.8,67.9,140,0,0,20
BLUE QUILL (5060) ( 5.9%),Duggan,Edmonton,7,217,232,8,3028,578,3606,1,558,37480,0.122065101,840,3335,385,10,2335,2235,2.9,2340,1865,915,375,140,460,855,2425,3735,71.1,64.3,1560,620,70,730
DUGGAN (5160) ( 7.8%),Duggan,Edmonton,7,217,232,8,3031,579,3610,1,560,37480,0.122198506,850,3085,590,55,2240,2340,3,3000,1455,565,125,235,460,910,2360,3730,66.5,60.6,1590,350,170,460
EMPIRE PARK (5170) ( 7.9%),Duggan,Edmonton,8,255,273,10,3564,680,4244,1,774,37480,0.143676628,695,4380,295,20,2785,2595,2.7,2955,1555,770,880,250,470,1615,2605,4690,70.1,62.3,1635,895,295,1130
ERMINESKIN (5180) ( 7.8%),Duggan,Edmonton,8,250,268,10,3491,666,4158,1,742,37480,0.140741729,760,3580,785,145,2570,2705,2.8,3045,1940,765,290,205,585,1045,2885,4520,66,59.9,1800,610,155,825
GREENFIELD (5220) ( 4.9%),Duggan,Edmonton,6,183,196,7,2555,488,3042,1,398,37480,0.10298826,590,2500,710,60,1925,1935,2.9,3075,740,110,40,130,370,720,2185,3275,65.8,61.2,1465,280,115,250
MALMO PLAINS (5280) ( 2.7%),Duggan,Edmonton,5,153,164,6,2138,408,2546,1,278,37480,0.086179296,740,2135,310,40,1580,1645,3,1705,995,480,540,105,150,390,1950,2495,66.1,60,770,540,80,655
RIDEAU PARK (5360) ( 6.6%),Duggan,Edmonton,2,80,86,3,1122,214,1336,0,77,37480,0.04522412,210,1035,385,60,895,800,2.8,940,675,155,80,95,210,410,855,1480,59.8,54.7,555,150,40,225
ROYAL GARDENS (5430) ( 6.0%),Duggan,Edmonton,5,171,183,7,2393,457,2849,1,349,37480,0.096451441,660,2550,360,50,1740,1875,3,2245,1225,385,140,180,410,715,1825,2950,68.5,62.1,1235,380,95,585
STEINHAUER (5470) ( 3.1%),Duggan,Edmonton,3,98,105,4,1363,260,1624,0,113,37480,0.054962647,350,1360,320,30,965,1090,2.9,1370,660,150,30,55,165,410,1130,1705,67.2,60.7,735,150,60,180
SWEET GRASS (5490) ( 4.9%),Duggan,Edmonton,4,129,138,5,1804,344,2148,1,198,37480,0.072705443,515,1870,330,10,1285,1440,2.9,1760,855,220,105,80,250,530,1435,2205,70.3,65.1,995,295,35,435
UNIVERSITY OF ALBERTA (5520) ( 13.2%),Duggan,Edmonton,0,5,6,0,73,14,87,0,0,37480,0.002934899,0,110,0,0,30,75,0,55,0,0,50,10,0,55,55,110,42.9,38.1,10,10,15,
UNIVERSITY OF ALBERTA FARM (5530) ( 11.4%),Duggan,Edmonton,1,18,19,1,245,47,292,0,4,37480,0.009871932,30,295,40,0,190,180,2.5,255,75,15,35,15,55,75,205,335,83.6,76.1,170,55,10,20
ALBERTA AVENUE (1010) ( 8.5%),Eastwood,Edmonton,12,461,488,14,4479,682,5161,1,801,57240,0.118273934,930,5140,625,65,3445,3325,2.8,4800,1830,460,140,700,1505,1625,2705,5835,69.5,61.3,2480,690,215,1120
BOYLE STREET (1020) ( 11.6%),Eastwood,Edmonton,9,344,363,11,3338,508,3846,1,445,57240,0.088137666,460,3820,595,165,2710,2330,2.4,2985,1805,430,250,515,1090,1255,2235,4580,62.3,55,1500,580,255,1485
CENTRAL MCDOUGALL (1030) ( 9.0%),Eastwood,Edmonton,8,308,325,10,2987,455,3442,1,356,57240,0.078878407,565,3635,280,30,2420,2100,2.7,2335,1960,875,215,420,985,1115,1840,3950,67.9,59.1,1150,690,405,1290
CROMDALE (1070) ( 8.8%),Eastwood,Edmonton,3,130,137,4,1260,192,1452,0,63,57240,0.033280922,215,1490,170,30,985,915,2.4,1195,620,245,85,220,335,395,955,1690,68.5,62.6,720,265,40,385
DELTON (1080) ( 5.4%),Eastwood,Edmonton,4,146,155,5,1419,216,1635,0,80,57240,0.037473795,290,1605,225,30,1155,995,2.8,1650,485,80,20,210,495,540,830,1860,68.8,62.1,905,145,20,230
DOWNTOWN (1090) ( 8.6%),Eastwood,Edmonton,19,734,776,23,7129,1085,8214,1,2028,57240,0.188242488,305,9680,715,70,5685,5085,2.2,6590,2655,960,1530,475,495,2435,7535,10470,78.3,73.1,3095,1515,2640,2235
EASTWOOD (1100) ( 13.3%),Eastwood,Edmonton,7,280,296,9,2716,413,3129,1,294,57240,0.071715584,650,2975,425,50,2185,1920,2.8,2895,1130,285,80,660,1050,1080,1325,3455,60.3,53.1,1150,500,75,1165
ELMWOOD PARK (1130) ( 12.3%),Eastwood,Edmonton,2,81,85,3,784,119,903,0,25,57240,0.020702306,190,870,110,15,650,530,2.8,875,270,55,35,215,315,340,345,995,69.2,62.1,440,95,10,215
MCCAULEY (1140) ( 6.8%),Eastwood,Edmonton,7,253,268,8,2461,375,2836,0,242,57240,0.064989518,475,2815,375,50,2045,1670,2.9,2135,1470,290,115,455,1150,760,1325,3240,57.3,48.9,860,365,260,1130
PARKDALE (1160) ( 7.6%),Eastwood,Edmonton,7,249,263,8,2418,368,2786,0,233,57240,0.063853948,575,2695,335,50,1955,1700,2.8,2545,1050,240,60,525,830,840,1405,3085,67.4,58.2,1195,365,85,685
RIVERDALE (1210) ( 3.9%),Eastwood,Edmonton,4,138,146,4,1340,204,1544,0,72,57240,0.035377358,275,1480,265,10,940,1085,2.6,1710,305,55,15,130,130,345,1280,1750,75.2,71.2,800,110,210,105
ROSSDALE (1220) ( 4.6%),Eastwood,Edmonton,2,62,65,2,599,91,690,0,14,57240,0.015810622,45,765,80,10,515,390,2.3,725,150,30,35,35,60,150,650,855,83.6,77.2,415,90,100,85
VIRGINIA PARK (1240) ( 3.0%),Eastwood,Edmonton,1,43,46,1,420,64,484,0,7,57240,0.011093641,55,385,155,45,270,365,2.7,555,80,0,0,45,115,135,335,580,62.4,57.3,215,60,35,115
BELLEVUE (2060) ( 4.4%),Eastwood,Edmonton,2,74,78,2,715,109,823,0,20,57240,0.018867925,140,770,140,25,515,565,2.7,900,140,10,30,75,110,210,610,935,72.2,65.8,440,90,30,95
HIGHLANDS (2330) ( 4.5%),Eastwood,Edmonton,5,179,190,6,1743,265,2009,0,121,57240,0.046034242,350,1875,350,55,1340,1290,2.6,2260,335,55,35,150,275,545,1465,2285,73.1,68.7,1205,175,55,145
MONTROSE (2550) ( 6.2%),Eastwood,Edmonton,6,215,228,7,2091,318,2409,0,174,57240,0.05520615,460,2315,335,50,1595,1565,2.9,2410,725,220,25,385,715,850,1140,2700,65,56.9,1155,265,50,550
NEWTON (2560) ( 5.5%),Eastwood,Edmonton,5,203,215,6,1972,300,2272,0,155,57240,0.052061495,460,2095,395,30,1555,1430,2.7,2255,695,120,35,310,655,765,1100,2525,65.9,58.2,1150,220,20,275
CRESTWOOD (3140) ( 6.5%),Jasper Place,Edmonton,2,64,70,3,655,129,783,0,59,93155,0.025065751,385,1495,385,70,1105,1230,2.9,1905,405,20,25,70,225,395,1325,1950,67.3,65,1010,75,65,145
LAURIER HEIGHTS (3270) ( 4.1%),Jasper Place,Edmonton,2,72,79,4,739,145,884,0,75,93155,0.02828619,415,1675,340,210,1280,1350,2.9,2295,320,20,25,65,190,445,1585,2220,66.2,62.8,1095,60,65,115
PARKVIEW (3330) ( 2.2%),Jasper Place,Edmonton,3,90,98,5,925,182,1107,0,117,93155,0.03542483,565,2160,505,65,1625,1680,2.9,2845,440,60,15,130,255,575,1905,2730,69,65,1385,125,75,160
ALDERGROVE (4020) ( 4.5%),Jasper Place,Edmonton,5,150,164,8,1538,302,1840,0,323,93155,0.058880361,970,3995,475,40,2680,2805,3,3760,1600,505,120,475,760,1390,2365,4510,73.3,66.3,2170,520,120,615
BELMEAD (4040) ( 4.4%),Jasper Place,Edmonton,5,131,143,7,1342,264,1605,0,246,93155,0.051366003,925,3260,555,55,2330,2460,3.1,2935,1695,330,160,250,655,1035,2180,3870,70.2,63.1,1805,430,100,595
DECHENE (4110) ( 4.5%),Jasper Place,Edmonton,2,45,49,2,460,90,550,0,29,93155,0.017605067,220,1105,290,25,795,840,2.9,1160,470,45,10,45,170,400,850,1420,68,66.2,735,80,20,20
DONSDALE (4120) ( 3.0%),Jasper Place,Edmonton,1,32,34,2,322,63,386,0,14,93155,0.012345016,160,830,160,0,570,580,3,720,420,0,10,25,100,245,645,990,69.2,67.7,555,25,20,20
GARIEPY (4160) ( 5.2%),Jasper Place,Edmonton,2,53,57,3,540,106,646,0,40,93155,0.020664484,310,1255,350,10,935,990,2.9,1410,505,30,0,65,130,395,1090,1615,69.3,64.7,800,90,15,110
JAMIESON PLACE (4220) ( 3.3%),Jasper Place,Edmonton,4,108,118,6,1108,218,1325,0,167,93155,0.042402448,575,2975,350,40,1970,1975,3.1,2705,1220,220,20,115,380,1000,1985,3370,76.3,71.7,1925,215,65,105
LYMBURN (4270) ( 3.7%),Jasper Place,Edmonton,6,163,177,9,1665,327,1993,0,379,93155,0.063764693,1120,4300,500,20,2900,3040,3.1,4090,1750,240,100,385,770,1510,2535,4820,76.6,70.6,2705,460,55,530
LYNNWOOD (4280) ( 6.0%),Jasper Place,Edmonton,4,102,111,5,1044,205,1250,0,149,93155,0.039987118,645,2625,370,90,1910,1820,2.8,2410,1110,470,210,230,490,900,1690,3085,69.6,63.5,1305,485,85,430
OLESKIW (4360) ( 6.1%),Jasper Place,Edmonton,3,87,95,5,892,175,1067,0,109,93155,0.034136654,480,2030,610,55,1540,1640,3,2360,815,55,10,75,215,535,1955,2695,63.6,59.9,1300,70,30,140
ORMSBY PLACE (4380) ( 5.6%),Jasper Place,Edmonton,5,144,156,8,1469,289,1758,0,295,93155,0.056250335,950,3790,485,20,2595,2650,3,3515,1690,335,35,445,660,1280,2350,4290,71.8,66.4,2250,335,80,560
PATRICIA HEIGHTS (4390) ( 6.8%),Jasper Place,Edmonton,2,48,52,3,491,96,587,0,33,93155,0.018785894,315,1265,160,10,930,825,2.9,1330,405,195,20,110,175,405,855,1435,74.9,70,750,165,35,195
QUESNELL HEIGHTS (4420) ( 4.6%),Jasper Place,Edmonton,0,9,9,0,88,17,106,0,1,93155,0.003381461,55,210,45,0,170,150,3.1,285,25,10,0,10,20,40,200,260,78.4,76.5,155,10,10,20
RIO TERRACE (4430) ( 6.7%),Jasper Place,Edmonton,1,35,38,2,360,71,431,0,18,93155,0.013794214,225,800,230,30,640,645,2.9,1110,165,15,10,40,70,240,750,1060,62.3,59,485,50,20,30
THE HAMPTONS (4461) ( 4.6%),Jasper Place,Edmonton,11,325,354,17,3327,653,3980,0,1511,93155,0.127368365,3115,8345,400,0,5775,6095,3.2,7645,4080,930,135,420,880,2240,5635,8750,82.1,76.6,5620,620,90,660
EDGEMONT (4462) ( 3.0%),Jasper Place,Edmonton,1,41,44,2,415,82,496,0,24,93155,0.015887499,395,1015,70,0,760,715,3,920,540,280,25,35,80,255,750,1085,84.3,80.6,725,60,10,70
RIVERVIEW AREA (4463) ( 5.1%),Jasper Place,Edmonton,0,13,14,1,130,26,156,0,2,93155,0.004991681,85,325,55,0,245,220,3.5,410,55,0,0,15,60,135,185,385,59.7,57.1,195,0,0,45
CAMERON HEIGHTS (4466) ( 2.1%),Jasper Place,Edmonton,2,50,54,3,512,101,612,0,36,93155,0.019591004,495,1205,130,0,920,905,3.1,1320,475,70,25,100,105,275,945,1325,75.9,72.2,805,30,0,70
STEWART GREENS (4486) ( 4.0%),Jasper Place,Edmonton,0,11,12,1,109,21,131,0,2,93155,0.004186571,80,310,0,0,215,175,3.4,200,185,80,10,0,50,65,200,315,80.6,77.4,185,25,0,10
SECORD (4487) ( 3.8%),Jasper Place,Edmonton,3,98,106,5,1000,196,1196,0,136,93155,0.038269551,915,2530,120,0,1805,1755,3.1,2085,1420,460,55,145,270,520,1855,2650,84.7,79.4,1790,170,10,125
GRANVILLE (4551) ( 4.5%),Jasper Place,Edmonton,2,55,60,3,564,111,674,0,43,93155,0.021576942,515,1440,45,10,1075,935,3.3,1125,810,290,75,30,150,370,980,1500,81.3,74.7,900,110,15,105
WEDGEWOOD HEIGHTS (4570) ( 4.8%),Jasper Place,Edmonton,2,48,52,3,486,96,582,0,32,93155,0.018624873,310,1250,155,25,805,930,3,1295,435,50,10,40,120,410,895,1425,68.3,62,760,20,15,90
WESTRIDGE (4610) ( 4.1%),Jasper Place,Edmonton,1,40,43,2,405,80,485,0,22,93155,0.015511781,255,845,325,15,700,745,3,1155,270,25,25,35,90,230,875,1190,64.3,60.9,570,20,20,85
WESTVIEW VILLAGE (4620) ( 5.8%),Jasper Place,Edmonton,1,42,45,2,428,84,512,0,25,93155,0.016370565,195,1050,285,0,690,840,2.7,1415,105,10,10,130,445,420,465,1330,68.4,61.7,670,90,25,125
WINTERBURN INDUSTRIAL AREA WEST (4670) ( 8.6%),Jasper Place,Edmonton,1,19,21,1,195,38,233,0,5,93155,0.007460684,85,465,140,0,370,320,2.3,630,60,10,0,105,130,215,260,605,70.2,62.8,315,30,15,75
BRECKENRIDGE GREENS (4700) ( 3.8%),Jasper Place,Edmonton,2,52,57,3,534,105,639,0,39,93155,0.020449788,340,1350,200,15,940,960,3,1420,480,40,0,75,150,405,1015,1565,75.1,68.7,975,60,0,35
POTTER GREENS (4710) ( 3.9%),Jasper Place,Edmonton,1,42,45,2,425,83,508,0,25,93155,0.016263217,205,960,325,20,745,765,2.8,1135,375,20,10,55,170,355,790,1315,67.2,64.5,710,50,0,45
GLASTONBURY (4720) ( 2.3%),Jasper Place,Edmonton,6,178,194,10,1825,359,2184,0,455,93155,0.069883527,1310,4585,515,100,3165,3350,3,4435,1970,300,110,230,680,1360,3160,5200,76.9,72.5,3150,330,95,230
SUDER GREENS (4730) ( 4.5%),Jasper Place,Edmonton,3,91,99,5,935,184,1119,0,119,93155,0.035800547,725,2385,200,20,1580,1750,3.1,2255,1035,165,40,230,290,780,1525,2605,80.6,75.4,1615,225,10,115
WEBBER GREENS (4740) ( 4.2%),Jasper Place,Edmonton,2,69,75,4,701,138,839,0,67,93155,0.026836992,590,1675,135,100,1240,1260,3.2,1240,1225,345,35,50,270,395,1245,1910,73.6,68.1,995,195,30,80
ROSENTHAL (4750) ( 8.7%),Jasper Place,Edmonton,2,48,52,3,491,96,587,0,33,93155,0.018785894,450,1275,25,0,880,870,3.2,790,945,445,15,30,145,315,835,1295,87.6,83.8,890,140,10,70
CRAWFORD PLAINS (6140) ( 8.7%),Mill Woods South & East,Edmonton,13,425,441,3,3525,386,3911,0,325,66245,0.070043022,950,3350,325,15,2305,2330,3.1,3480,1095,315,65,220,615,1220,1855,3690,73.2,67.2,2055,285,20,370
DALY GROVE (6150) ( 6.4%),Mill Woods South & East,Edmonton,10,326,338,2,2705,296,3001,0,191,66245,0.053739905,615,2580,325,35,1800,1760,3,2350,1135,345,70,245,545,1050,1345,2940,70.2,64.3,1540,225,25,490
EKOTA (6200) ( 3.7%),Mill Woods South & East,Edmonton,7,236,245,2,1960,215,2175,0,100,66245,0.038946336,520,1775,270,15,1290,1285,3,1955,580,220,45,145,390,625,1050,2055,71.1,63.6,1000,210,50,365
GREENVIEW (6280) ( 2.5%),Mill Woods South & East,Edmonton,8,268,278,2,2226,244,2470,0,130,66245,0.044229753,590,1985,355,0,1515,1415,3,2130,735,165,60,120,290,635,1420,2340,71.8,65.6,1275,110,40,235
JACKSON HEIGHTS (6330) ( 3.2%),Mill Woods South & East,Edmonton,12,395,410,3,3274,358,3633,0,280,66245,0.065061514,810,2920,535,35,2145,2165,3.1,2530,1710,220,65,210,540,1125,1830,3495,68.5,61.5,1830,230,10,110
KINISKI GARDENS (6370) ( 3.7%),Mill Woods South & East,Edmonton,19,615,639,4,5105,559,5664,1,682,66245,0.101441618,1140,5060,485,40,3450,3275,3.1,4430,2215,380,70,275,800,1910,2870,5580,76.7,70.3,3410,275,55,545
LARKSPUR (6390) ( 5.6%),Mill Woods South & East,Edmonton,16,509,529,3,4228,463,4691,1,467,66245,0.08400634,1065,4035,440,25,2835,2730,3.1,3465,2070,495,35,190,680,1385,2440,4500,75.2,69.7,2630,250,60,255
MAPLE (6441) ( 5.2%),Mill Woods South & East,Edmonton,4,134,139,1,1113,122,1235,0,32,66245,0.022114877,370,1055,40,0,725,740,3,790,640,285,30,40,125,280,690,1095,84,75.8,705,85,10,135
SILVER BERRY (6442) ( 5.9%),Mill Woods South & East,Edmonton,25,802,832,5,6655,728,7384,1,1158,66245,0.132236395,2085,6155,480,35,4365,4395,3.3,4515,4020,915,220,225,1125,1915,3640,6675,76.9,69.8,3925,465,30,635
TAMARACK (6443) ( 4.8%),Mill Woods South & East,Edmonton,15,476,494,3,3947,432,4379,1,407,66245,0.078421013,1495,3515,175,10,2680,2510,3.3,2480,2535,955,175,125,480,935,2285,3700,78.2,71.4,2140,280,90,300
LAUREL (6444) ( 4.0%),Mill Woods South & East,Edmonton,21,671,696,4,5565,609,6174,1,810,66245,0.110574383,1895,5145,285,0,3725,3605,3.2,2705,4345,1710,275,120,745,1350,3345,5435,77.8,71.1,3090,520,25,485
MENISA (6450) ( 5.5%),Mill Woods South & East,Edmonton,7,232,241,1,1926,211,2137,0,97,66245,0.038267039,390,1805,340,0,1265,1270,2.8,2100,415,75,15,170,390,645,1115,2145,70.7,65.3,1175,145,20,200
MINCHAU (6530) ( 8.7%),Mill Woods South & East,Edmonton,9,292,303,2,2420,265,2685,0,153,66245,0.0480791,615,2245,300,25,1610,1575,3.1,2260,825,230,100,105,415,815,1340,2570,73.5,65,1385,185,25,235
SAKAW (6670) ( 5.6%),Mill Woods South & East,Edmonton,12,369,383,2,3065,336,3401,0,246,66245,0.060910257,765,2765,480,30,1980,2060,3,2860,1115,270,70,255,575,1130,1570,3275,70.8,63.1,1750,180,20,455
SATOO (6680) ( 5.4%),Mill Woods South & East,Edmonton,10,315,327,2,2613,286,2899,0,179,66245,0.051928447,670,2210,520,40,1705,1730,3,2570,820,205,45,225,465,970,1330,2765,66.4,59,1295,220,20,345
BISSET (6030) ( 6.6%),Mill Woods West,Edmonton,6,319,330,5,2983,454,3436,0,417,39225,0.103123008,750,2965,325,15,2075,1970,3,2460,1440,425,150,240,640,1120,1540,3300,73.5,64.5,1695,345,10,495
HILLVIEW (6300) ( 7.0%),Mill Woods West,Edmonton,6,288,297,4,2688,409,3097,0,339,39225,0.09292543,625,2580,420,20,1770,1875,2.9,2655,885,115,100,215,435,975,1605,3020,70.4,63.6,1525,240,70,480
KAMEYOSEK (6340) ( 6.4%),Mill Woods West,Edmonton,4,214,222,3,2002,304,2307,0,188,39225,0.069216061,705,1640,270,105,1370,1345,3.1,1690,975,400,50,120,475,595,955,2015,64.8,56.8,875,165,35,365
LEE RIDGE (6400) ( 8.1%),Mill Woods West,Edmonton,4,220,227,3,2054,312,2366,0,198,39225,0.071000637,630,1795,345,20,1435,1350,3.2,1725,1020,290,40,170,435,645,1080,2160,62.5,56,960,170,40,595
MEYOKUMIN (6460) ( 5.9%),Mill Woods West,Edmonton,5,239,247,3,2234,340,2574,0,234,39225,0.077246654,570,2215,250,0,1590,1440,3,1945,1020,335,65,110,385,800,1275,2465,73.2,68.1,1260,230,70,275
MEYONOHK (6470) ( 9.2%),Mill Woods West,Edmonton,5,243,251,3,2268,345,2612,0,241,39225,0.078393881,520,2120,420,15,1485,1585,2.9,2125,890,190,60,220,510,790,1250,2555,69.7,63.4,1265,215,40,275
MICHAELS PARK (6480) ( 6.4%),Mill Woods West,Edmonton,3,173,179,2,1619,246,1865,0,123,39225,0.05595921,365,1535,280,15,1030,1165,2.8,1415,730,190,50,90,290,605,935,1830,65.6,57.7,810,185,10,215
MILL WOODS TOWN CENTRE (6520) ( 8.6%),Mill Woods West,Edmonton,2,92,95,1,859,131,990,0,35,39225,0.029700446,115,635,295,115,505,660,2.4,625,470,190,65,10,285,240,525,1050,52.1,48.8,280,155,75,160
POLLARD MEADOWS (6580) ( 7.8%),Mill Woods West,Edmonton,7,354,366,5,3311,504,3815,0,514,39225,0.114467814,960,3085,410,30,2265,2225,3,2620,1700,620,170,215,665,1075,1790,3530,72.2,64,1850,285,60,620
RICHFIELD (6600) ( 7.4%),Mill Woods West,Edmonton,6,300,310,4,2802,426,3228,0,368,39225,0.096876992,1065,2330,390,15,1815,1980,3.3,2205,1500,615,95,250,555,735,1450,2730,64.9,58.5,1205,235,75,900
TAWA (6720) ( 7.0%),Mill Woods West,Edmonton,3,150,155,2,1397,213,1610,0,92,39225,0.048311026,255,1240,340,55,860,1035,2.7,1055,775,265,60,40,295,435,905,1640,63.3,57.8,715,115,65,185
TIPASKAN (6750) ( 9.7%),Mill Woods West,Edmonton,5,236,244,3,2205,335,2540,0,228,39225,0.076226896,655,2115,210,15,1480,1515,3,1495,1305,630,190,125,335,710,1295,2335,72.8,64,1090,335,25,520
TWEDDLE PLACE (6760) ( 4.9%),Mill Woods West,Edmonton,5,268,277,4,2504,381,2884,0,294,39225,0.086551944,770,2255,340,25,1665,1730,3.2,1910,1385,540,100,130,545,715,1365,2620,70,60.7,1150,305,30,465
BANNERMAN (2030) ( 7.2%),NE,Edmonton,6,205,213,2,1636,228,1865,0,97,80730,0.034621578,530,1980,280,10,1330,1465,2.7,2315,440,95,40,340,430,775,1060,2265,71.5,64.2,1090,260,35,395
BELMONT (2070) ( 7.1%),NE,Edmonton,11,396,411,4,3162,441,3603,0,361,80730,0.066889632,1145,3620,570,55,2610,2790,3.1,3735,1600,485,60,415,985,1295,1965,4250,71,64.5,2055,440,110,830
BELVEDERE (2080) ( 8.4%),NE,Edmonton,10,374,388,4,2986,417,3403,0,322,80730,0.063173541,930,3485,630,50,2590,2510,2.8,3480,1500,445,120,745,995,1325,1850,4170,64.6,57.6,1660,550,110,1105
BRINTNELL (2110) ( 2.4%),NE,Edmonton,14,501,520,6,4002,559,4560,1,579,80730,0.084664932,1775,4750,310,0,3400,3440,3.3,4245,2500,385,95,395,850,1440,2775,5065,79.7,72.2,2925,490,75,505
CANON RIDGE (2120) ( 3.9%),NE,Edmonton,5,166,173,2,1329,186,1515,0,64,80730,0.028118419,405,1595,260,10,1085,1180,2.7,1800,420,70,50,155,265,555,1040,1860,70.2,61.4,905,175,0,245
CASSELMAN (2130) ( 4.2%),NE,Edmonton,8,276,286,3,2204,308,2512,0,176,80730,0.046636938,725,2650,370,15,1800,1965,3,2625,1080,215,55,370,595,1010,1430,3040,70.1,64,1500,345,0,525
CLAREVIEW TOWN CENTRE (2145) ( 5.4%),NE,Edmonton,7,264,274,3,2108,294,2402,0,161,80730,0.044593088,590,2855,140,20,1780,1830,2.8,1930,1575,535,100,190,350,1050,1610,3015,79.8,70.3,1220,685,115,330
EBBERS (2251) ( 0.8%),NE,Edmonton,0,11,12,0,91,13,103,0,0,80730,0.00191998,40,100,15,0,95,60,3.1,45,105,75,0,10,35,30,60,115,91.3,73.9,70,15,0,
EVERGREEN (2270) ( 7.6%),NE,Edmonton,2,77,80,1,618,86,704,0,14,80730,0.013068252,145,740,175,0,550,510,2.7,1005,55,10,0,210,315,305,290,910,61,51.6,380,55,0,145
FRASER (2280) ( 6.8%),NE,Edmonton,8,281,292,3,2245,313,2559,0,182,80730,0.047504026,805,2725,285,10,1930,1900,3,2945,835,170,55,370,530,1025,1465,3020,74.2,69.3,1595,335,45,375
HAIRSINE (2320) ( 4.3%),NE,Edmonton,5,191,198,2,1525,213,1738,0,84,80730,0.032268054,495,1900,200,15,1285,1315,3,1950,615,120,40,280,465,755,890,2110,70.4,64.7,995,285,35,450
HOLLICK-KENYON (2340) ( 4.2%),NE,Edmonton,13,466,484,5,3724,520,4243,0,501,80730,0.078781122,1395,4540,405,20,3165,3190,3.1,4065,2160,415,140,170,850,1500,2615,4965,75.3,69.3,2765,395,65,435
HOMESTEADER (2350) ( 6.9%),NE,Edmonton,7,272,282,3,2172,303,2475,0,170,80730,0.045955655,955,2415,335,10,1880,1835,3.2,2660,985,295,70,445,605,905,1255,2760,67.9,61.6,1215,305,75,670
KERNOHAN (2390) ( 5.2%),NE,Edmonton,6,237,246,3,1897,265,2162,0,130,80730,0.040133779,540,2260,420,30,1590,1650,2.8,2465,710,150,70,305,445,890,1370,2705,68.5,61.5,1255,240,60,285
KIRKNESS (2430) ( 6.0%),NE,Edmonton,8,298,310,3,2383,333,2716,0,205,80730,0.050414963,800,2940,310,15,1980,2085,3.1,2680,1355,315,30,280,780,1095,1390,3265,73.7,63.3,1620,345,15,465
CRYSTALLINA NERA EAST (2462) ( 9.1%),NE,Edmonton,0,10,10,0,79,11,90,0,0,80730,0.001672241,20,115,0,0,85,50,3,105,25,25,0,10,10,20,90,115,91.7,83.3,85,10,0,
MATT BERRY (2500) ( 2.8%),NE,Edmonton,8,302,314,3,2415,337,2752,0,211,80730,0.051096247,765,2925,405,30,2095,2035,3.2,2530,1550,130,45,90,680,1030,1655,3360,71.4,65.3,1810,235,25,340
MCCONACHIE AREA (2521) ( 5.1%),NE,Edmonton,11,393,408,4,3141,439,3580,0,357,80730,0.066456088,1325,3910,135,0,2645,2720,3.1,3405,1855,550,100,220,510,1150,2380,4040,83.2,75.9,2585,295,30,410
MCLEOD (2530) ( 5.0%),NE,Edmonton,5,167,174,2,1338,187,1525,0,65,80730,0.028304224,345,1450,455,35,1180,1110,2.8,1785,480,40,15,75,335,740,865,1940,58.7,54.5,845,120,25,150
MILLER (2541) ( 3.6%),NE,Edmonton,6,222,231,2,1777,248,2025,0,114,80730,0.037594451,650,2025,295,60,1420,1615,3.1,1990,1010,205,35,175,455,655,1265,2380,74.2,67.9,1255,260,15,195
OVERLANDERS (2590) ( 8.2%),NE,Edmonton,6,218,226,2,1739,243,1982,0,109,80730,0.036789298,635,2115,200,15,1530,1435,2.9,2245,660,220,60,265,540,790,995,2330,73,64.2,1155,280,15,450
CY BECKER (2611) ( 4.2%),NE,Edmonton,2,58,60,1,460,64,524,0,8,80730,0.009723771,190,565,35,0,415,370,3,425,325,90,40,30,50,150,400,600,82.5,81.7,390,60,10,30
RURAL NORTH EAST HORSE HILL (2670) ( 11.0%),NE,Edmonton,1,32,33,0,255,36,290,0,2,80730,0.005388331,75,275,75,10,230,200,2.8,410,25,0,0,45,110,100,145,360,58.3,54.2,165,15,0,35
EDMONTON ENERGY AND TECHNOLOGY PARK (2681) ( 7.1%),NE,Edmonton,0,15,16,0,120,17,137,0,1,80730,0.002539329,25,135,35,10,95,105,2.6,180,20,10,0,30,50,55,75,180,63.9,44.4,50,0,0,
RURAL NORTH EAST SOUTH STURGEON (2690) ( 0.0%),NE,Edmonton,1,45,47,0,360,50,410,0,5,80730,0.007617986,65,475,65,10,310,295,3,490,125,0,0,20,70,155,325,545,76.1,68.8,300,35,10,0
SIFTON PARK (2710) ( 9.7%),NE,Edmonton,4,155,161,2,1241,173,1414,0,56,80730,0.026260374,430,1490,175,20,1090,1030,3,1260,775,350,80,95,355,480,850,1690,68,58.3,695,180,65,405
YORK (2720) ( 6.4%),NE,Edmonton,8,283,294,3,2260,316,2575,0,185,80730,0.0478137,675,2675,480,35,1930,1930,2.9,2860,950,295,55,385,755,1000,1430,3190,67.6,61.3,1550,265,35,365
BALWIN (2020) ( 8.8%),Northgate,Edmonton,7,299,310,4,2522,482,3005,1,219,71650,0.055268667,760,2645,455,100,2150,1805,3,2700,1165,215,95,480,1065,985,1150,3200,59.4,52.3,1275,265,60,850
BELLE RIVE (2050) ( 3.1%),Northgate,Edmonton,6,288,298,4,2427,464,2891,1,203,71650,0.053175157,625,2760,400,25,1850,1955,3.2,2120,1645,130,45,105,735,990,1465,3185,69.9,65.3,1790,180,15,275
DELWOOD (2230) ( 4.1%),Northgate,Edmonton,6,259,268,4,2181,417,2599,1,164,71650,0.047801814,530,2105,700,90,1695,1725,2.9,2660,715,65,40,300,835,920,1140,2895,62.9,55.6,1270,240,55,225
EAUX CLAIRES (2241) ( 4.2%),Northgate,Edmonton,6,254,263,3,2143,410,2553,1,158,71650,0.04696441,540,2490,300,30,1675,1690,3,2030,1265,140,65,80,550,895,1380,2820,73,66.1,1540,190,70,270
EVANSDALE (2260) ( 5.7%),Northgate,Edmonton,10,439,455,6,3701,708,4408,1,471,71650,0.081088625,1350,3670,720,65,2850,2955,3.1,3550,2150,655,115,280,1205,1345,1900,4460,60.3,53.6,2005,250,60,1420
GLENGARRY (2290) ( 7.9%),Northgate,Edmonton,5,217,225,3,1834,351,2185,0,116,71650,0.040195394,400,1910,495,80,1400,1490,2.8,2105,770,140,10,155,565,845,1075,2485,61.8,55.3,1035,245,30,365
KILDARE (2400) ( 8.6%),Northgate,Edmonton,4,192,199,3,1621,310,1931,0,90,71650,0.035519888,380,1575,515,80,1185,1360,2.9,1805,715,160,25,165,535,650,985,2170,58.2,51.5,840,180,65,355
KILKENNY (2410) ( 7.2%),Northgate,Edmonton,10,438,454,6,3697,707,4404,1,470,71650,0.081018842,1250,3790,715,50,2915,2890,3.1,4040,1690,445,75,660,1135,1510,1910,4550,64.7,58.1,2020,425,65,1030
KILLARNEY (2420) ( 6.2%),Northgate,Edmonton,8,338,350,5,2850,545,3395,1,279,71650,0.062456385,890,3115,405,70,2290,2185,2.9,3125,1185,490,160,665,925,1210,1450,3585,67.8,60.9,1620,380,100,810
KLARVATTEN (2440) ( 5.5%),Northgate,Edmonton,10,453,469,6,3822,731,4552,1,502,71650,0.083740405,1320,4400,260,20,2935,3065,3.2,4025,1920,195,45,170,780,1430,2465,4680,78,71.5,2795,345,35,415
CRYSTALLINA NERA WEST (2463) ( 8.2%),Northgate,Edmonton,2,69,72,1,586,112,698,0,12,71650,0.012840195,230,675,15,0,490,435,3.1,615,300,65,0,30,90,140,455,690,87.7,81.2,495,40,0,45
MAYLIEWAN (2511) ( 5.4%),Northgate,Edmonton,7,324,336,4,2732,522,3255,1,257,71650,0.059874389,785,3005,460,40,2175,2110,3.2,2630,1625,95,35,105,775,1245,1480,3500,69.5,64.6,1930,200,15,295
NORTHMOUNT (2580) ( 4.9%),Northgate,Edmonton,5,227,235,3,1911,365,2276,0,126,71650,0.041870202,480,1780,690,55,1520,1480,2.9,1935,1010,155,50,130,670,765,1095,2525,57.7,50,995,175,30,390
OZERNA (2600) ( 5.9%),Northgate,Edmonton,8,346,358,5,2917,558,3475,1,293,71650,0.063921842,720,3340,490,35,2270,2315,3.2,2735,1815,80,40,75,925,1220,1720,3865,69.5,65.8,2220,215,25,305
SCHONSEE (2700) ( 3.9%),Northgate,Edmonton,6,265,275,4,2239,428,2667,1,172,71650,0.04905792,855,2360,280,20,1670,1845,3.2,2120,1375,165,20,75,495,760,1405,2660,73.3,68.8,1595,150,15,255
CALDER (3070) ( 7.2%),Northgate,Edmonton,7,294,304,4,2478,474,2951,1,211,71650,0.054291696,580,2915,310,90,1985,1910,2.7,3020,835,165,40,555,750,1110,1450,3315,68.2,59.9,1535,310,70,510
KENSINGTON (3250) ( 4.2%),Northgate,Edmonton,6,277,287,4,2338,447,2784,1,188,71650,0.051221214,565,2340,635,130,1885,1780,2.9,2695,925,225,45,335,805,1035,1265,3110,63,54.9,1415,210,35,425
LAUDERDALE (3260) ( 7.0%),Northgate,Edmonton,5,219,227,3,1847,353,2200,0,117,71650,0.040474529,520,2000,330,50,1450,1445,2.8,2005,815,270,80,240,540,805,1035,2380,66.6,59,1040,240,65,605
ROSSLYN (3390) ( 5.6%),Northgate,Edmonton,5,212,220,3,1790,342,2132,0,110,71650,0.039218423,440,1860,435,75,1470,1335,2.9,2020,750,215,35,265,570,785,1015,2370,62.2,55.5,1055,155,65,350
RICHFORD (5451) ( 9.5%),Rutherford,Edmonton,2,51,52,0,477,61,538,0,4,85645,0.007122424,45,415,150,0,275,340,2.7,405,210,10,0,15,75,150,340,565,61.1,54,235,45,0,15
MACEWAN (5452) ( 5.3%),Rutherford,Edmonton,15,486,504,2,4586,589,5175,1,402,85645,0.068538735,1145,4320,380,25,2965,2900,3,3590,2140,480,140,130,410,1075,3245,4725,78.5,72,2690,485,50,340
BLACKMUD CREEK (5453) ( 4.3%),Rutherford,Edmonton,9,283,293,1,2672,343,3015,1,137,85645,0.039932279,700,2365,325,25,1640,1775,3,2150,1220,340,55,130,255,570,1895,2715,73.8,67.6,1470,175,25,85
RUTHERFORD (5454) ( 6.0%),Rutherford,Edmonton,28,887,918,4,8359,1074,9433,2,1337,85645,0.124934322,2640,7475,570,20,5280,5420,3.1,6760,3710,880,235,285,680,1800,5575,8060,78.5,72.4,4355,960,65,640
CALLAGHAN (5457) ( 5.2%),Rutherford,Edmonton,8,258,267,1,2430,312,2742,1,113,85645,0.036312686,645,2365,95,0,1505,1605,3,1860,1130,370,125,110,315,620,1530,2465,79.1,72,1355,265,0,290
ALLARD (5458) ( 3.0%),Rutherford,Edmonton,8,269,278,1,2535,326,2861,1,123,85645,0.03788896,770,2375,105,0,1660,1590,3.1,1610,1560,455,85,80,200,550,1730,2480,79,71.8,1355,310,10,185
CHAPPELLE AREA (5462) ( 7.9%),Rutherford,Edmonton,11,363,376,2,3422,440,3861,1,224,85645,0.051141339,1075,3255,55,0,2200,2180,3,2905,1390,530,90,125,255,845,2210,3305,87.6,81.7,2315,250,10,220
HERITAGE VALLEY TOWN CENTRE AREA (5464) ( 11.8%),Rutherford,Edmonton,2,48,50,0,457,59,516,0,4,85645,0.006830521,80,490,10,0,295,295,2.6,355,185,60,45,20,40,125,340,505,82,75,300,70,0,85
HAYS RIDGE AREA (5465) ( 2.3%),Rutherford,Edmonton,0,14,15,0,133,17,150,0,0,85645,0.001984938,30,130,0,0,90,80,3,130,45,10,0,0,25,20,100,135,78.6,71.4,90,0,0,
CAVANAGH (5467) ( 8.2%),Rutherford,Edmonton,0,14,14,0,129,17,145,0,0,85645,0.001926557,25,140,0,0,80,85,3.2,80,90,40,0,10,10,35,100,140,85.7,71.4,70,0,0,
GRAYDON HILL (5468) ( 10.3%),Rutherford,Edmonton,0,14,14,0,129,17,145,0,0,85645,0.001926557,25,140,0,0,90,75,2.7,80,75,65,15,0,15,30,95,140,78.6,71.4,60,25,0,
PAISLEY (5469) ( 5.6%),Rutherford,Edmonton,1,42,44,0,398,51,450,0,3,85645,0.005954813,110,400,0,0,280,225,2.9,345,145,60,15,25,20,75,310,400,91.2,81.2,275,45,0,20
AMBLESIDE (5505) ( 3.5%),Rutherford,Edmonton,14,437,452,2,4117,529,4646,1,324,85645,0.061533073,1120,3805,330,15,2535,2735,2.9,3285,1805,520,180,90,270,890,2995,4150,81.4,75.3,2615,225,75,400
WINDERMERE (5570) ( 5.0%),Rutherford,Edmonton,23,723,749,3,6816,876,7692,2,889,85645,0.101874015,1970,6285,415,50,4470,4255,3.1,5145,3365,690,205,160,490,1425,4840,6750,78.1,72.5,3880,450,60,460
KESWICK AREA (5576) ( 9.5%),Rutherford,Edmonton,2,51,52,0,477,61,538,0,4,85645,0.007122424,135,450,25,0,310,300,2.8,365,220,40,20,30,25,65,380,470,83.2,76.8,315,15,0,25
GLENRIDDING HEIGHTS (5578) ( 5.0%),Rutherford,Edmonton,4,129,134,1,1219,157,1375,0,28,85645,0.018214724,355,1175,30,0,790,770,3,720,765,315,80,30,100,220,885,1205,85.1,80.5,815,90,0,115
BLACKBURNE (5590) ( 3.1%),Rutherford,Edmonton,4,120,124,1,1129,145,1274,0,24,85645,0.016871972,165,985,280,15,685,760,2.8,1055,390,55,0,30,180,315,790,1285,63.4,61.1,640,55,20,70
ELLERSLIE (6211) ( 6.3%),Rutherford,Edmonton,16,508,526,2,4793,616,5409,1,439,85645,0.071632903,1460,4435,210,30,3165,2970,3.2,3515,2395,585,220,250,550,1315,2810,4675,81.4,73.6,2810,370,65,480
SUMMERSIDE (6213) ( 4.5%),Rutherford,Edmonton,37,1200,1242,5,11313,1453,12766,3,2448,85645,0.169069998,3645,10315,490,30,7185,7290,3.1,9410,4835,1085,235,350,1030,2550,7255,10835,82.9,76.6,6915,710,50,445
THE ORCHARDS AT ELLERSLIE (6216) ( 2.9%),Rutherford,Edmonton,3,103,106,0,969,124,1093,0,18,85645,0.01447837,270,950,20,0,590,655,2.9,705,525,205,15,25,80,175,710,965,88.6,83.4,670,90,10,30
CHARLESWORTH (6661) ( 6.9%),Rutherford,Edmonton,14,459,475,2,4324,555,4880,1,358,85645,0.06462724,1325,4020,185,10,2815,2720,3.2,2910,2510,735,120,105,535,1110,2575,4215,80.9,73.4,2585,330,10,300
WALKER (6662) ( 4.9%),Rutherford,Edmonton,20,639,662,3,6027,774,6802,1,695,85645,0.090081149,1970,5535,195,15,3920,3795,3.2,3355,4250,1745,110,165,655,1175,3915,5745,80.9,74.3,3390,640,30,490
ASPEN GARDENS (5020) ( 2.3%),Twin Brooks,Edmonton,2,66,69,1,1288,274,1562,0,44,72810,0.024721879,335,1165,275,20,880,920,3.2,1410,350,80,40,15,90,305,1070,1465,72,65.5,690,120,40,100
BEARSPAW (5030) ( 2.1%),Twin Brooks,Edmonton,2,76,79,1,1481,315,1796,0,59,72810,0.028430161,235,1310,470,60,1075,1000,2.8,1475,570,65,30,40,210,450,1175,1835,58.7,54.6,775,135,20,145
BLUE QUILL ESTATES (5070) ( 6.6%),Twin Brooks,Edmonton,1,51,53,1,998,212,1210,0,27,72810,0.019159456,265,900,205,20,720,670,3,805,505,190,80,15,120,275,730,1130,68.9,58.7,480,115,0,95
BRANDER GARDENS (5080) ( 6.0%),Twin Brooks,Edmonton,2,93,96,1,1810,385,2195,0,88,72810,0.034747974,515,1655,305,55,1205,1330,2.9,1845,610,225,75,75,185,485,1340,2015,67.1,60.1,905,180,10,475
BROOKSIDE (5090) ( 0.0%),Twin Brooks,Edmonton,2,76,79,1,1474,313,1787,0,58,72810,0.028292817,435,1250,345,25,1040,1020,3.1,1540,480,105,40,50,155,270,1190,1620,64.5,58.6,715,95,10,105
BULYEA HEIGHTS (5100) ( 1.8%),Twin Brooks,Edmonton,3,129,133,1,2504,532,3037,0,168,72810,0.04807032,460,2385,565,85,1700,1800,2.9,2345,1110,55,35,65,230,750,2055,3035,67.5,62.8,1395,180,35,95
CARTER CREST (5130) ( 1.7%),Twin Brooks,Edmonton,1,53,55,1,1023,218,1241,0,28,72810,0.019640159,230,920,275,10,695,735,3.2,1010,410,10,10,15,115,235,855,1200,66.8,61.8,620,50,10,35
FALCONER HEIGHTS (5190) ( 0.4%),Twin Brooks,Edmonton,2,66,69,1,1288,274,1562,0,44,72810,0.024721879,270,1205,300,30,905,900,3,1025,770,110,10,20,115,350,1070,1535,61.4,55.6,610,130,35,50
GRANDVIEW HEIGHTS (5210) ( 7.4%),Twin Brooks,Edmonton,1,38,39,0,733,156,889,0,14,72810,0.014077737,230,635,130,30,535,485,3.3,805,215,10,0,40,50,145,590,790,70.3,65.8,355,70,50,35
HENDERSON ESTATES (5230) ( 3.4%),Twin Brooks,Edmonton,2,71,73,1,1377,293,1670,0,51,72810,0.026438676,325,1260,320,20,960,965,3.2,1330,590,20,10,45,110,340,1145,1595,68.1,62.5,790,85,10,60
KEHEEWIN (5250) ( 5.7%),Twin Brooks,Edmonton,3,109,112,1,2111,449,2559,0,120,72810,0.040516413,465,1875,530,75,1385,1565,2.9,1945,915,205,85,70,305,625,1555,2480,63.2,58.4,1065,235,45,235
LANSDOWNE (5260) ( 0.0%),Twin Brooks,Edmonton,1,33,34,0,644,137,781,0,11,72810,0.012360939,160,545,185,10,455,440,3,750,145,0,0,40,55,150,540,740,66.2,64.2,315,60,25,90
OGILVIE RIDGE (5300) ( 2.5%),Twin Brooks,Edmonton,1,40,42,0,780,166,946,0,16,72810,0.014970471,155,715,185,30,550,535,3,805,275,20,10,10,55,175,700,930,67.2,63.4,475,30,0,15
RAMSAY HEIGHTS (5340) ( 4.0%),Twin Brooks,Edmonton,3,134,138,1,2594,551,3145,0,180,72810,0.049787117,635,2335,610,50,1745,1885,2.9,2590,985,285,50,110,265,600,2130,2995,68.3,62.8,1395,240,35,210
RHATIGAN RIDGE (5350) ( 0.5%),Twin Brooks,Edmonton,3,120,124,1,2325,494,2820,0,145,72810,0.044636726,595,2060,545,50,1610,1635,3.1,2240,980,110,25,40,205,520,1935,2655,63.8,60.3,1220,120,60,90
SKYRATTLER (5460) ( 7.6%),Twin Brooks,Edmonton,2,82,85,1,1599,340,1939,0,69,72810,0.030696333,295,1670,260,10,1055,1185,2.7,1600,580,185,50,105,205,515,1225,1940,73.7,64.2,910,220,45,355
MAGRATH HEIGHTS (5476) ( 3.4%),Twin Brooks,Edmonton,3,139,144,1,2694,573,3266,0,195,72810,0.05170993,840,2525,330,70,1830,1935,3.3,2345,1355,190,65,70,350,600,1975,2930,71.5,67.6,1505,195,40,225
MACTAGGART (5477) ( 3.1%),Twin Brooks,Edmonton,3,108,111,1,2089,444,2533,0,117,72810,0.040104381,725,1950,245,0,1465,1455,3.2,1885,995,275,45,35,185,460,1540,2195,73.8,67.4,1195,130,10,135
TWIN BROOKS (5511) ( 3.8%),Twin Brooks,Edmonton,6,240,248,2,4654,989,5644,1,581,72810,0.089342123,980,4480,990,60,3235,3275,3,4245,2130,220,135,205,625,1305,3600,5530,68.7,63.9,2760,415,75,400
WESTBROOK ESTATES (5540) ( 2.2%),Twin Brooks,Edmonton,1,49,50,0,944,201,1145,0,24,72810,0.018129378,240,840,225,15,695,630,3,830,365,115,130,25,95,170,810,1080,57.1,54.8,430,60,30,160
HADDOW (5610) ( 1.9%),Twin Brooks,Edmonton,4,155,160,2,3001,638,3640,0,242,72810,0.057615712,775,2860,515,50,2020,2175,3,2675,1465,170,55,75,310,685,2425,3420,72.4,67.8,1915,135,10,235
HODGSON (5620) ( 3.3%),Twin Brooks,Edmonton,2,93,96,1,1799,383,2182,0,87,72810,0.034541959,460,1790,250,20,1185,1330,3.1,1380,1085,120,55,20,215,435,1405,2055,67.2,62.5,965,170,20,115
LEGER (5630) ( 9.0%),Twin Brooks,Edmonton,3,111,115,1,2154,458,2611,0,124,72810,0.041340475,525,2060,405,20,1480,1535,3.1,1435,1500,220,75,35,220,490,1780,2490,66,60.8,1195,155,35,175
TERWILLEGAR TOWNE (5640) ( 3.8%),Twin Brooks,Edmonton,5,214,221,2,4150,882,5032,1,462,72810,0.079659387,1310,4115,350,30,2775,3025,3.2,3980,1650,310,170,90,440,950,3105,4490,76.1,72,2565,345,55,295
SOUTH TERWILLEGAR (5642) ( 4.3%),Twin Brooks,Edmonton,8,339,351,3,6579,1399,7977,1,1161,72810,0.126287598,2155,6620,400,20,4640,4560,3,5610,3305,675,290,230,565,1755,4720,7040,79,73.6,4095,655,60,675
CALLINGWOOD NORTH (4070) ( 7.3%),West Jasper Place,Edmonton,8,326,336,2,4183,736,4919,1,162,41705,0.062342645,580,1845,160,15,1305,1295,2.9,1645,870,420,85,200,255,535,1235,2020,77.5,68.9,1025,250,45,430
CALLINGWOOD SOUTH (4080) ( 9.1%),West Jasper Place,Edmonton,20,766,790,4,9838,1731,11568,2,897,41705,0.146625105,1065,4380,585,80,3005,3110,2.8,3805,2060,965,245,605,930,1620,2500,5045,71.5,64.4,2280,635,190,1220
ELMWOOD (4140) ( 6.2%),West Jasper Place,Edmonton,9,349,360,2,4488,790,5278,1,187,41705,0.066898453,405,2020,315,45,1365,1425,2.9,2090,640,240,60,250,360,825,1200,2380,69.8,62.3,1000,285,105,215
GLENWOOD (4180) ( 5.5%),West Jasper Place,Edmonton,17,651,672,3,8366,1472,9837,2,648,41705,0.12468529,765,3550,725,160,2530,2670,2.7,3275,1770,745,160,400,970,1415,2055,4435,67.4,61.3,1940,465,180,685
JASPER PARK (4230) ( 10.2%),West Jasper Place,Edmonton,6,220,227,1,2823,497,3320,1,74,41705,0.042081285,270,1270,165,50,835,930,2.7,1265,450,200,40,120,220,440,830,1485,73.7,68.4,735,180,35,360
LA PERLE (4240) ( 5.0%),West Jasper Place,Edmonton,17,659,680,3,8470,1490,9960,2,665,41705,0.126243856,1090,3620,525,40,2600,2665,2.9,3840,1360,440,65,500,750,1235,2195,4180,71,65,2155,310,90,740
MEADOWLARK PARK (4310) ( 7.1%),West Jasper Place,Edmonton,9,343,353,2,4400,774,5174,1,179,41705,0.065579667,320,1760,520,130,1320,1410,2.7,2120,590,175,25,110,305,750,1360,2410,60.4,56.2,1040,175,65,185
SHERWOOD (4500) ( 7.2%),West Jasper Place,Edmonton,4,170,176,1,2188,385,2573,0,44,41705,0.032609999,155,1080,105,15,680,680,2.8,885,430,195,50,125,255,375,570,1200,74.6,69.2,620,120,55,180
SUMMERLEA (4520) ( 5.3%),West Jasper Place,Edmonton,6,242,249,1,3105,546,3651,1,89,41705,0.046277425,215,1355,305,55,940,990,2.7,1190,675,155,65,90,305,525,880,1715,67,62,835,95,100,195
TERRA LOSA (4540) ( 3.8%),West Jasper Place,Edmonton,6,241,248,1,3089,543,3632,1,88,41705,0.046037645,140,1135,565,80,790,1130,2.4,1260,640,85,20,40,225,530,1015,1780,57.9,53.1,705,115,80,205
THORNCLIFF (4560) ( 5.7%),West Jasper Place,Edmonton,12,475,490,2,6097,1073,7170,1,344,41705,0.090876394,765,2625,380,25,1815,1980,3,2300,1295,610,200,470,540,915,1575,3030,68.6,61.7,1140,460,195,440
WEST JASPER PLACE (4580) ( 12.0%),West Jasper Place,Edmonton,10,402,415,2,5164,908,6073,1,247,41705,0.076969188,470,2390,310,40,1610,1600,2.8,1885,1170,450,160,335,665,705,1370,2740,70.3,62,1180,340,105,655
WEST MEADOWLARK PARK (4590) ( 5.6%),West Jasper Place,Edmonton,10,380,392,2,4883,859,5742,1,221,41705,0.072773049,570,2085,320,60,1535,1500,2.8,1985,895,275,155,230,400,755,1305,2460,71.7,66.9,1215,210,170,345
OLIVER (1150) ( 7.2%),Woodcroft East,Edmonton,22,1050,1103,32,10914,1959,12873,3,5548,54135,0.320125612,660,14060,2240,370,8735,8595,2.2,12135,4190,1260,1005,845,1325,3835,11515,16670,74.8,69.5,5730,2670,2515,2650
PRINCE RUPERT (1170) ( 9.5%),Woodcroft East,Edmonton,2,82,86,2,850,153,1003,0,34,54135,0.024937656,130,1095,105,25,715,635,2.8,945,370,100,35,40,200,390,630,1225,73.5,65.3,630,90,60,145
QUEEN MARY PARK (1180) ( 7.9%),Woodcroft East,Edmonton,9,451,474,14,4686,841,5526,1,1023,54135,0.137434192,940,6030,430,35,4030,3410,2.7,3960,3185,1600,290,480,1065,1930,3505,6500,77.6,68.5,2685,985,550,1500
SPRUCE AVENUE (1230) ( 12.0%),Woodcroft East,Edmonton,2,102,108,3,1064,191,1255,0,53,54135,0.031218251,310,1205,155,25,875,810,2.8,1190,430,175,70,295,200,385,800,1385,67.9,60.6,485,180,100,345
WESTWOOD (1250) ( 13.1%),Woodcroft East,Edmonton,4,179,188,5,1858,333,2191,1,161,54135,0.054493396,255,2450,210,40,1685,1265,2.5,1815,920,340,215,340,525,815,1355,2695,70.5,61.6,1040,455,90,745
ATHLONE (3010) ( 3.5%),Woodcroft East,Edmonton,4,202,212,6,2097,376,2473,1,205,54135,0.061512884,550,2385,335,60,1700,1635,3,2230,1035,230,65,245,605,960,1220,2780,69.4,62.2,1365,240,70,220
INGLEWOOD (3240) ( 8.8%),Woodcroft East,Edmonton,8,392,413,12,4081,732,4813,1,776,54135,0.119700748,880,4945,565,90,3370,3105,2.7,4335,1895,815,245,730,1035,1720,2845,5595,73.1,63.4,2315,790,285,1215
PRINCE CHARLES (3350) ( 7.3%),Woodcroft East,Edmonton,2,89,93,3,923,166,1088,0,40,54135,0.027061975,260,1090,105,10,745,725,2.9,1135,330,90,0,280,270,370,570,1205,71,63.1,555,95,90,195
SHERBROOKE (3410) ( 6.1%),Woodcroft East,Edmonton,3,152,160,5,1578,283,1861,0,116,54135,0.046273206,405,1850,215,35,1265,1240,2.8,1960,495,115,50,245,480,620,1005,2105,72.4,63.6,975,205,45,280
WELLINGTON (3430) ( 7.7%),Woodcroft East,Edmonton,4,198,208,6,2056,369,2425,1,197,54135,0.060312183,660,2185,365,50,1680,1590,2.9,2585,630,250,50,290,570,830,1205,2605,66.2,60.7,1180,205,120,530
WESTMOUNT (3440) ( 7.7%),Woodcroft East,Edmonton,8,383,403,12,3986,715,4702,1,740,54135,0.116929897,900,4810,585,35,3085,3245,2.7,4960,1145,320,225,370,555,1235,3645,5430,80,73.5,2685,570,435,760
DOVERCOURT (3170) ( 5.8%),Woodcroft West,Edmonton,3,129,134,1,1551,263,1814,1,176,28525,0.078527607,450,1570,170,50,1190,1045,2.8,1875,310,105,50,165,335,530,915,1780,74.2,67.8,940,160,35,205
GLENORA (3200) ( 6.1%),Woodcroft West,Edmonton,5,215,222,2,2580,437,3017,2,486,28525,0.130587204,665,2445,560,50,1835,1885,3,2890,775,105,60,75,320,620,2115,3060,69.1,64.1,1425,150,135,290
GROVENOR (3210) ( 8.0%),Woodcroft West,Edmonton,3,133,137,2,1596,270,1867,1,186,28525,0.08080631,390,1630,245,35,1120,1185,2.8,1920,340,85,45,115,285,475,1150,1910,73.4,67.1,975,140,60,150
MCQUEEN (3300) ( 5.8%),Woodcroft West,Edmonton,2,98,101,1,1174,199,1373,1,101,28525,0.05942156,305,1200,155,30,850,840,3.1,1310,330,110,55,130,200,400,780,1385,68.1,61.6,635,100,60,135
NORTH GLENORA (3310) ( 5.7%),Woodcroft West,Edmonton,3,114,118,1,1375,233,1607,1,138,28525,0.069588081,345,1430,165,45,985,995,2.8,1655,310,100,15,145,200,325,1115,1645,76.6,71.7,860,115,90,185
WOODCROFT (3450) ( 6.7%),Woodcroft West,Edmonton,3,131,136,2,1576,267,1842,1,181,28525,0.079754601,420,1510,305,45,1035,1240,2.8,1570,605,180,100,110,285,540,1035,1855,64.7,59.6,780,180,95,260
BRITANNIA YOUNGSTOWN (4060) ( 7.6%),Woodcroft West,Edmonton,6,284,293,3,3408,577,3984,2,849,28525,0.17248028,785,3540,520,75,2495,2420,2.7,3285,1515,570,120,440,970,1185,1985,4135,68.9,62.2,1890,365,185,925
CANORA (4090) ( 8.7%),Woodcroft West,Edmonton,4,198,205,2,2383,403,2786,2,415,28525,0.120595968,565,2540,315,15,1905,1535,2.8,2340,1005,370,95,530,605,940,1325,2870,71.1,61.1,1270,330,80,620
HIGH PARK (4200) ( 4.0%),Woodcroft West,Edmonton,2,91,95,1,1098,186,1284,1,88,28525,0.055565294,240,1150,145,50,795,785,2.8,1275,270,55,30,125,340,420,585,1340,69.1,60.6,630,95,30,100
MAYFIELD (4290) ( 2.7%),Woodcroft West,Edmonton,3,119,123,1,1427,241,1668,1,149,28525,0.072217353,325,1450,230,50,1065,990,2.8,1685,355,85,20,205,365,555,810,1730,69.9,65,915,140,10,210
TRUMPETER AREA (4471) ( 2.8%),Woodcroft West,Edmonton,2,69,71,1,828,140,968,1,50,28525,0.041893076,245,900,50,0,615,585,2.8,1000,180,50,20,65,55,205,690,945,85.2,81.5,685,10,10,20
HAWKS RIDGE (4473) ( 0.0%),Woodcroft West,Edmonton,0,18,18,0,211,36,247,0,3,28525,0.010692375,45,265,0,0,155,145,2.6,275,35,10,0,15,0,70,190,265,84.9,83,200,10,0,0
STARLING (4474) ( 3.6%),Woodcroft West,Edmonton,1,38,39,0,457,77,534,0,15,28525,0.023137599,120,520,20,0,315,345,2.7,530,120,40,15,10,30,120,395,545,85.2,83.3,425,0,0,30
KINOKAMAU PLAINS AREA (4475) ( 8.1%),Woodcroft West,Edmonton,0,8,8,0,94,16,109,0,1,28525,0.004732691,10,100,20,0,80,60,3,120,10,0,0,0,25,45,55,120,75,58.3,65,10,10,
beltline,Centre,Calgary,45,1464,1516,6,17214,2130,19344,7,8533,50992,0.409083778,915,18420,1350,180,11270,9595,1.5,13575,6175,1965,1110,515,1260,3585,15105,19945,0.84,0.77,5965,1900,6355,3020
chinatown,Centre,Calgary,3,110,114,0,1296,160,1456,0,48,50992,0.030789143,75,1000,330,165,745,830,1.5,415,1045,160,115,10,410,335,750,1500,0.56,0.52,255,165,325,490
downtown-east-village,Centre,Calgary,4,121,125,1,1423,176,1600,1,58,50992,0.033828836,35,1265,395,30,940,780,1.4,1050,575,80,105,50,265,330,1100,1690,0.63,0.58,455,180,300,410
downtown-west-end,Centre,Calgary,5,148,153,1,1737,215,1952,1,87,50992,0.041280985,115,1735,220,30,1110,990,1.6,1045,950,210,110,20,105,320,1560,1990,0.76,0.7,425,405,315,375
downtown-commercial-core,Centre,Calgary,16,530,548,2,6228,771,6998,2,1117,50992,0.148003608,765,6290,435,55,3970,3575,1.7,2790,3525,1775,1235,180,590,1350,4845,6780,0.77,0.69,1075,1720,1635,1865
eau-claire,Centre,Calgary,3,112,116,0,1320,163,1484,1,50,50992,0.031377471,60,1095,390,50,810,790,1.6,960,515,130,125,15,55,270,1210,1540,0.64,0.57,290,80,435,140
Inglewood,Centre,Calgary,8,270,279,1,3173,393,3565,1,290,50992,0.075403985,390,3105,335,10,1915,1920,1.8,3265,510,95,65,210,235,755,2460,3450,0.83,0.76,1640,270,410,490
Manchester,Centre,Calgary,2,53,54,0,619,77,695,0,11,50992,0.01470819,90,635,30,0,405,345,1.7,375,325,185,50,50,55,180,425,665,0.73,0.62,230,115,55,220
Mission,Centre,Calgary,9,291,301,1,3420,423,3844,1,337,50992,0.081287261,50,3600,410,85,1980,2170,1.4,3260,760,180,130,105,165,750,3180,4100,0.83,0.78,1495,475,960,420
Ramsay,Centre,Calgary,5,148,153,1,1741,215,1957,1,87,50992,0.04137904,305,1655,125,35,1085,1020,2.1,1760,345,60,10,140,220,475,1105,1805,0.82,0.73,780,160,220,240
Scarboro,Centre,Calgary,2,75,78,0,887,110,997,0,23,50992,0.021081738,240,750,55,30,575,500,3.3,925,145,20,10,0,65,165,605,835,0.71,0.62,295,65,95,15
Scarboro/Sunalta West,Centre,Calgary,1,31,32,0,367,45,413,0,4,50992,0.008726859,55,330,55,10,245,195,2.5,325,100,0,20,20,40,100,250,395,0.7,0.65,190,20,20,45
Sunalta,Centre,Calgary,7,226,234,1,2653,328,2981,1,203,50992,0.063049106,330,2775,115,0,1630,1590,1.7,2210,875,325,135,150,170,675,2045,2885,0.87,0.79,1135,545,455,545
bridgeland-riverside,Centre North,Calgary,5,282,301,14,4205,758,4963,1,773,38900,0.141002571,610,4170,605,105,2665,2820,1.8,4090,1265,315,130,225,555,1155,3165,4875,0.73,0.68,1765,510,680,965
crescent-heights,Centre North,Calgary,6,300,320,15,4481,808,5289,1,878,38900,0.150257069,555,4700,540,60,2985,2860,1.8,4170,1490,350,185,160,420,1215,3655,5295,0.81,0.74,2020,510,1030,655
Hillhurst,Centre North,Calgary,5,277,296,14,4136,746,4882,1,748,38900,0.138688946,815,4105,450,20,2610,2790,2,4180,1030,210,190,120,250,800,3530,4585,0.78,0.71,1545,490,825,645
Hounsfield Heights/Brirar Hill,Centre North,Calgary,2,123,131,6,1832,330,2163,0,147,38900,0.061439589,355,1625,340,70,1195,1190,2.3,1915,400,55,70,80,185,485,1370,2035,0.64,0.58,630,225,150,220
Renfrew,Centre North,Calgary,6,339,362,17,5064,913,5977,1,1121,38900,0.169794344,965,5205,370,65,3200,3395,2.1,5430,1110,190,65,255,485,1255,3900,5635,0.81,0.75,2660,530,680,545
Rosedale,Centre North,Calgary,2,83,89,4,1238,223,1461,0,67,38900,0.04151671,260,1140,205,10,795,825,2.7,1310,270,40,30,10,125,235,1000,1355,0.65,0.54,385,45,185,120
St. Andrews Heights,Centre North,Calgary,1,72,77,4,1073,193,1267,0,50,38900,0.035989717,190,1020,160,30,695,705,2.4,1060,270,30,70,40,65,205,940,1210,0.7,0.64,395,140,185,70
Sunnyside,Centre North,Calgary,4,198,212,10,2963,534,3497,1,384,38900,0.099357326,260,3320,245,40,1900,1965,1.7,3015,660,130,185,95,110,580,2910,3605,0.85,0.78,1145,490,950,400
West Hillhurst,Centre North,Calgary,6,323,345,16,4830,871,5701,1,1020,38900,0.161953728,1075,4545,605,70,3125,3175,2.2,5000,1125,210,175,165,375,880,3970,5225,0.77,0.72,2155,455,710,520
altadore,Centre West,Calgary,9,331,343,3,4827,817,5645,2,773,59540,0.113957004,1360,4990,390,45,3265,3525,2.3,5690,915,255,180,160,340,945,4140,5425,0.8,0.74,2875,455,265,445
bankview,Centre West,Calgary,7,253,262,2,3686,624,4309,1,451,59540,0.087000336,400,4480,290,15,2670,2505,1.6,3930,1095,300,155,210,350,1225,3205,4785,0.85,0.77,2280,620,495,885
currie-barracks,Centre West,Calgary,1,38,39,0,548,93,641,0,10,59540,0.012932482,165,545,60,0,380,395,2.8,580,190,75,0,25,20,105,480,605,0.73,0.69,275,55,25,35
Garrison Woods,Centre West,Calgary,4,134,139,1,1953,331,2284,1,127,59540,0.04610346,565,1920,230,30,1270,1475,2.2,2250,430,85,65,60,100,280,1800,2180,0.78,0.74,2220,165,125,80
Glamorgan,Centre West,Calgary,8,302,313,3,4408,746,5154,2,645,59540,0.104047699,905,4460,765,70,2985,3215,2.2,4615,1510,595,70,200,565,1595,3135,5295,0.74,0.66,2530,425,230,680
Glenbrook,Centre West,Calgary,10,355,368,3,5173,875,6048,2,888,59540,0.122102788,1270,5220,670,105,3535,3740,2.3,5235,1890,585,145,375,795,1700,3505,6000,0.74,0.66,2665,680,270,1055
Glendale,Centre West,Calgary,4,141,146,1,2056,348,2404,1,140,59540,0.048538797,495,2055,305,45,1480,1410,2.6,2325,525,65,45,65,265,685,1445,2395,0.73,0.67,910,340,115,280
Killarney Glengarry,Centre West,Calgary,10,367,380,3,5347,905,6252,2,949,59540,0.126217669,1075,5795,555,90,3680,3840,2.1,5760,1480,470,275,245,665,1345,4430,6440,0.8,0.74,3090,920,310,735
Lakeview,Centre West,Calgary,7,266,276,2,3881,657,4538,2,500,59540,0.09161908,855,3495,945,165,2690,2765,2.4,4535,855,150,65,190,445,1035,3125,4605,0.64,0.58,1895,250,225,425
Lincoln Park,Centre West,Calgary,3,93,97,1,1362,231,1593,1,62,59540,0.032163252,355,1280,210,70,790,1120,1.9,1340,495,115,80,85,180,435,940,1560,0.64,0.56,635,95,95,645
Richmond,Centre West,Calgary,6,232,241,2,3390,574,3964,1,381,59540,0.080030232,735,3625,355,50,2425,2335,2.2,3835,855,210,70,135,305,805,2920,4035,0.8,0.74,1895,490,600,445
Rutland Park,Centre West,Calgary,3,111,116,1,1626,275,1901,1,88,59540,0.038377561,360,1480,405,40,1040,1250,2.4,1795,475,30,25,45,305,610,1020,1930,0.69,0.63,820,190,95,170
South Calgary,Centre West,Calgary,5,200,207,2,2910,493,3403,1,281,59540,0.068693315,485,3340,235,30,2055,2035,1.9,3285,710,210,90,155,300,770,2540,3605,0.82,0.77,1825,420,255,435
Garrison Green,Centre West,Calgary,2,82,85,1,1195,202,1398,0,47,59540,0.028216325,420,1200,55,0,800,880,2.4,1350,305,60,30,35,60,190,1015,1260,0.82,0.77,720,80,50,95
albert-park-radisson-heights,East,Calgary,19,456,482,8,3734,507,4241,2,686,64245,0.103354347,1140,4840,600,65,3490,3150,2.5,4065,2355,720,220,410,1360,1630,2510,5500,0.72,625,2875,455,265,1240
applewood-park,East,Calgary,19,470,497,8,3852,523,4375,2,730,64245,0.106623084,1265,5010,525,40,3460,3385,3.1,3260,3435,740,145,105,1455,2085,2035,5575,0.74,0.67,2960,600,20,705
dover,East,Calgary,31,749,792,13,6135,833,6968,3,1853,64245,0.169818663,1700,7555,1530,120,5550,5360,2.3,8275,2400,445,230,740,2570,3005,3630,9205,0.66,0.59,4380,760,85,1815
erin-woods,East,Calgary,20,487,515,8,3989,542,4531,2,784,64245,0.11043661,1620,5015,430,25,3510,3585,3,4840,2155,540,95,530,1445,2050,1980,5470,0.76,0.69,3040,495,75,900
Forest Heights,East,Calgary,18,432,457,7,3540,481,4020,2,617,64245,0.097984279,1190,4420,655,40,3225,3070,2.9,3655,2480,745,160,310,1460,1535,2115,5105,0.68,0.6,2215,680,135,955
Forest Lawn,East,Calgary,21,508,537,9,4164,566,4729,2,854,64245,0.115261888,1165,5420,740,85,4095,3310,2.5,5200,2005,665,200,765,2145,2030,2070,6240,0.65,0.56,2510,635,160,1520
Ogden,East,Calgary,24,590,624,10,4836,657,5493,3,1151,64245,0.133862557,1295,6225,1005,70,4505,4095,2.3,7155,1345,345,105,535,1645,2325,3340,7305,0.7,0.64,3620,645,140,1075
Penbrooke Meadows,East,Calgary,24,592,626,10,4850,659,5508,3,1158,64245,0.134251693,1665,6010,895,60,4455,4175,2.8,5460,3010,680,155,505,2265,2235,2460,6965,0.67,0.6,3185,730,60,1270
Southview,East,Calgary,5,125,132,2,1026,139,1166,1,52,64245,0.02840688,265,1290,230,35,1010,810,2.2,14010,330,70,80,125,410,445,705,1555,0.68,0.59,645,155,55,270
bayview,Elbow,Calgary,1,26,27,1,395,93,488,0,11,50890,0.014541167,150,395,155,40,340,405,3,635,100,0,10,15,35,105,450,595,0.55,0.51,210,15,10,10
bel-aire,Elbow,Calgary,0,13,14,0,206,48,254,0,3,50890,0.007565337,40,250,75,20,180,200,2.8,315,65,0,0,0,20,70,260,350,0.56,0.49,120,0,10,15
britannia,Elbow,Calgary,1,25,26,0,387,91,478,0,10,50890,0.014246414,130,495,75,30,365,365,2.7,580,115,20,30,0,40,100,460,600,0.63,0.57,225,30,25,55
chinook-park,Elbow,Calgary,2,53,56,1,820,192,1012,0,46,50890,0.030163097,265,1050,175,45,775,760,2.7,1200,330,90,10,10,105,270,900,1275,0.65,0.6,480,130,65,95
cliff-bungalow,Elbow,Calgary,2,66,69,1,1007,236,1243,0,70,50890,0.037040676,105,1625,145,10,940,945,1.6,1495,345,85,50,85,75,280,1430,1780,0.85,0.81,615,130,580,230
eagle-ridge,Elbow,Calgary,0,11,11,0,168,39,208,0,2,50890,0.006189821,60,175,70,0,150,160,2.8,270,45,0,0,0,20,75,160,250,0.56,0.52,100,10,0,0
elbow-park,Elbow,Calgary,3,119,125,2,1835,430,2265,0,232,50890,0.067498526,770,2260,370,35,1710,1725,3.1,2960,350,15,125,50,190,405,2075,2670,0.68,0.62,1080,95,200,110
elboya,Elbow,Calgary,2,57,59,1,871,204,1075,0,52,50890,0.032029868,290,1115,2220,15,860,775,2.3,1265,285,45,90,15,135,285,920,1345,0.73,0.68,625,110,80,135
erlton,Elbow,Calgary,1,44,47,1,684,160,844,0,32,50890,0.025152289,105,1075,90,15,670,615,1.9,1050,210,45,20,55,65,195,915,1175,0.82,0.75,450,120,195,45
Kelvin Grove,Elbow,Calgary,2,68,71,1,1042,244,1286,0,75,50890,0.038317941,295,1340,245,70,935,1020,2.3,1450,405,110,95,20,140,445,1080,1655,0.69,0.62,790,100,55,180
Lower Mount Royal,Elbow,Calgary,3,111,116,2,1707,400,2107,0,201,50890,0.062782472,115,2815,250,10,1660,1535,1.5,2250,795,250,155,75,200,685,2200,3080,0.83,0.74,1055,385,710,500
Mayfair,Elbow,Calgary,0,17,17,0,254,59,313,0,4,50890,0.009333857,95,330,40,0,230,245,3.2,380,60,0,30,0,15,85,280,380,0.67,0.58,140,15,0,10
Meadowlark Park,Elbow,Calgary,1,22,24,0,345,81,425,0,8,50890,0.012674396,90,480,45,30,345,300,2.4,470,175,30,0,10,50,130,375,555,0.73,0.61,220,65,45,10
North Glenmore Park,Elbow,Calgary,3,90,95,2,1386,325,1711,0,132,50890,0.050992336,435,1770,320,65,1295,1300,2.5,2230,360,15,10,105,235,605,1320,2160,0.69,0.63,1020,120,80,150
Oakridge,Elbow,Calgary,6,202,212,4,3101,726,3828,1,662,50890,0.114069562,910,3690,1145,60,2865,2935,2.5,4515,1240,190,40,120,455,1055,3385,4895,0.65,0.6,2130,285,120,305
Palliser,Elbow,Calgary,3,120,125,2,1838,430,2268,0,233,50890,0.067596777,435,2005,845,160,1660,1780,2,2395,980,210,70,105,255,865,1885,3005,0.59,0.53,1110,220,85,345
Parkhill,Elbow,Calgary,2,60,63,1,919,215,1134,0,58,50890,0.033798389,255,1255,210,0,855,865,2.2,1335,345,95,45,45,110,300,1055,1470,0.74,0.67,620,125,90,220
Pump Hill,Elbow,Calgary,1,50,53,1,772,181,953,0,41,50890,0.028394577,210,830,355,45,670,770,2.5,1070,325,15,45,25,160,280,795,1235,0.54,0.5,455,30,30,125
Rideau Park,Elbow,Calgary,1,22,23,0,334,78,412,0,8,50890,0.012281391,55,405,130,30,320,305,2,530,95,20,0,0,30,75,460,565,0.69,0.59,190,35,50,10
Riverbend,Elbow,Calgary,10,337,354,7,5182,1214,6396,1,1849,50890,0.190607192,1305,7500,825,75,4935,4765,2.8,7435,2190,325,80,315,1180,2495,4720,8395,0.77,0.71,4705,590,240,390
Roxboro,Elbow,Calgary,0,15,15,0,227,53,280,0,4,50890,0.008351346,55,330,30,0,215,210,2.8,370,60,0,0,0,45,55,270,370,0.65,0.62,130,10,55,15
Upper Mount Royal,Elbow,Calgary,3,87,92,2,1344,315,1658,0,124,50890,0.049420318,320,1835,315,50,1270,1245,2.4,1975,450,65,80,45,165,420,1615,2200,0.66,0.61,730,95,215,205
Windsor Park,Elbow,Calgary,4,154,161,3,2364,554,2918,1,385,50890,0.08695225,510,3365,465,85,2065,2365,1.9,2735,1520,560,170,95,330,960,2625,3915,0.74,0.67,1600,500,335,670
acadia,Fish Creek,Calgary,17,413,434,4,6897,1231,8128,3,1035,105190,0.099201445,1375,7340,1485,235,5245,5185,2.2,7710,2495,695,225,500,1385,2660,5005,9055,0.7,0.61,3880,865,395,1270
bonavista-downs,Fish Creek,Calgary,1,35,37,0,582,104,685,0,7,105190,0.008365814,140,615,115,10,455,425,2.3,770,115,20,0,30,105,235,400,740,0.76,0.71,455,40,10,55
braeside,Fish Creek,Calgary,10,240,252,2,4002,714,4716,2,349,105190,0.057562506,940,4215,835,65,2975,3080,2.4,4680,1315,290,60,135,605,1510,3005,5115,0.72,0.65,2580,355,100,420
canyon-meadows,Fish Creek,Calgary,13,309,325,3,5162,921,6083,2,580,105190,0.074246601,1080,5575,1090,70,3895,3915,2.5,5660,1990,400,155,265,740,1830,4150,6730,0.71,0.63,3025,660,120,495
cedarbrae,Fish Creek,Calgary,10,251,264,3,4190,748,4938,2,382,105190,0.060271889,1000,4395,880,70,3120,3220,2.4,4780,1465,395,100,370,745,1500,3100,5345,0.73,0.65,2665,465,85,700
deer-ridge,Fish Creek,Calgary,7,162,170,2,2710,484,3194,1,160,105190,0.038977089,840,2870,365,30,1975,2120,2.7,3440,620,85,35,190,600,1020,1635,3260,0.76,0.68,1730,250,45,490
deer-run,Fish Creek,Calgary,8,203,213,2,3384,604,3988,1,249,105190,0.048673828,740,3655,690,30,2630,2485,2.5,4240,850,135,30,85,470,1415,2495,4375,0.72,0.66,2310,275,55,290
diamond-cove,Fish Creek,Calgary,1,33,34,0,545,97,643,0,6,105190,0.007842951,110,530,180,10,435,390,2.5,625,200,25,0,10,55,185,480,720,0.62,0.56,335,25,0,35
fairview,Fish Creek,Calgary,6,150,158,2,2505,447,2952,1,137,105190,0.036030041,555,2735,420,85,1945,1845,2.4,2700,975,315,120,110,510,970,1755,3235,0.71,0.65,1530,335,115,325
Haysboro,Fish Creek,Calgary,12,283,298,3,4736,845,5581,2,488,105190,0.06811484,830,5300,835,205,3600,3565,2.1,5215,1780,470,165,170,730,1685,3925,6335,0.74,0.67,2810,860,235,675
Kingsland,Fish Creek,Calgary,8,189,198,2,3153,563,3715,1,216,105190,0.045346516,655,3565,460,90,2385,2385,2.1,2920,1585,560,265,180,580,1210,2320,4110,0.75,0.65,1735,480,315,710
Lake Bonavista,Fish Creek,Calgary,17,416,437,4,6953,1241,8194,3,1052,105190,0.100009507,1695,6645,1985,195,5260,5265,2.6,8800,1645,125,80,250,755,2185,5890,8825,0.65,0.59,3825,615,215,350
Maple Ridge,Fish Creek,Calgary,3,79,83,1,1315,235,1550,1,38,105190,0.018918148,260,1270,420,40,975,1025,2.5,1770,220,0,10,35,160,555,1020,1735,0.64,0.59,790,85,10,55
Parkland,Fish Creek,Calgary,6,149,156,1,2482,443,2925,1,134,105190,0.03569731,575,2335,805,45,1820,1935,2.6,3265,460,10,30,90,320,835,2030,3180,0.6,0.55,1295,155,35,135
Queensland,Fish Creek,Calgary,8,188,197,2,3139,560,3700,1,214,105190,0.045156384,790,3425,495,40,2360,2390,2.6,3840,895,190,15,185,725,1280,1955,3965,0.75,0.69,2195,280,45,465
Southwood,Fish Creek,Calgary,10,246,259,2,4114,734,4849,2,368,105190,0.059178629,925,4520,700,90,3095,3125,2.4,4435,1520,535,270,230,745,1595,2960,5300,0.74,0.68,2485,695,170,570
Willow Park,Fish Creek,Calgary,9,213,223,2,3553,634,4187,1,275,105190,0.051098013,810,3395,1050,120,2660,2715,2.4,4240,1055,235,85,170,405,1345,2820,4570,0.67,0.6,1950,335,180,400
Woodbine,Fish Creek,Calgary,15,360,379,4,6018,1074,7092,3,788,105190,0.086557658,1460,6380,1190,75,4565,4535,2.7,6730,2325,305,45,310,670,1960,5015,7645,0.71,0.64,3765,530,95,525
Woodlands,Fish Creek,Calgary,10,245,257,2,4085,729,4814,2,363,105190,0.058750832,1060,4155,890,80,3045,3135,2.6,4570,1515,310,90,255,560,1365,3200,5120,0.67,0.59,2220,445,70,710
abbeydale,Lower NE,Calgary,19,538,559,2,3559,503,4062,2,439,86115,0.07141613,1330,4335,450,30,3110,3035,3.1,4065,2020,510,60,420,1190,1675,1950,4815,0.71,0.63,2430,450,30,920
Marlborough Park,Lower NE,Calgary,28,782,813,2,5170,731,5901,3,927,86115,0.103756605,1665,6190,1030,45,4610,4325,2.9,5785,3080,790,75,285,1930,2580,2760,7270,0.68,0.61,3490,595,70,1125
Marlborough,Lower NE,Calgary,29,809,840,3,5347,756,6102,3,991,86115,0.10729838,1595,6300,1255,85,4870,4370,2.9,4845,4205,1360,195,370,1940,2585,3125,7645,0.66,0.59,3245,850,165,1295
Mayland Heights,Lower NE,Calgary,19,519,539,2,3428,485,3913,2,408,86115,0.068803344,870,4190,770,90,2980,2945,2.2,4515,1325,225,85,320,895,1540,2625,5060,0.71,0.64,2425,4.4,115,760
Monterey Park,Lower NE,Calgary,34,951,988,3,6287,888,7175,3,1371,86115,0.126168496,2030,7435,1280,120,5360,5510,3.4,5030,5630,845,205,245,2375,2710,3745,8830,0.69,0.62,4475,700,30,965
Pineridge,Lower NE,Calgary,32,887,922,3,5865,829,6693,3,1193,86115,0.117691459,1825,7070,1160,85,5080,5060,2.7,6460,3600,685,75,515,1975,2855,3475,8310,0.67,0.59,3625,870,90,1820
Rundle,Lower NE,Calgary,35,986,1025,3,6518,921,7440,3,1474,86115,0.130813447,2255,7695,1215,105,5670,5595,3.2,5650,5375,1705,235,425,2190,2885,3930,9010,0.65,0.57,3580,1145,165,1885
Temple,Lower NE,Calgary,36,1004,1044,3,6640,938,7578,3,1529,86115,0.133252047,2445,7870,1085,75,5820,5660,3.2,6970,4385,1300,120,505,2115,2960,39.6,90.35,0.69,0.62,4360,870,90,1505
Whitehorn,Lower NE,Calgary,38,1061,1103,3,7016,992,8008,4,1707,86115,0.140800093,2335,8480,1200,110,6190,5940,3.3,5575,6230,1920,320,215,2205,3290,4295,9790,0.68,0.61,4210,1340,160,1590
Scenic Acres,Lower NW,Calgary,8,301,311,2,5991,1069,7060,0,1175,58890,0.141280353,1180,5905,1120,110,4150,4170,2.9,6335,18060,210,125,125,590,1715,4825,7140,0.68,0.62,3065,690,105,325
Silver Springs,Lower NW,Calgary,8,322,333,2,6416,1145,7561,0,1348,58890,0.151299032,1390,5990,1440,95,4435,4475,2.5,7225,1625,315,60,210,675,1780,5075,7520,0.68,0.61,3310,545,230,570
Tuscany,Lower NW,Calgary,18,716,740,5,14251,2543,16793,1,6650,58890,0.336050263,5505,12955,1245,85,9710,10075,3,14765,4745,855,285,370,1250,2735,10305,14290,0.77,0.71,7195,1535,215,685
University District,Lower NW,Calgary,1,27,28,0,544,97,641,0,10,58890,0.012820513,310,445,0,0,390,365,3.4,185,215,150,355,0,15,10,420,445,0.66,0.58,60,75,105,215
University Heights,Lower NW,Calgary,3,100,103,1,1980,353,2334,0,128,58890,0.046697232,330,2025,330,70,1360,1390,2.1,1400,945,345,410,30,130,470,1825,2420,0.66,0.59,660,195,450,590
Valley Ridge,Lower NW,Calgary,5,201,208,1,4007,715,4722,0,526,58890,0.094498217,1120,3745,675,20,2760,2805,2.9,4150,1395,265,20,110,410,890,3145,4440,0.69,0.63,2125,235,45,180
Varsity,Lower NW,Calgary,12,463,478,3,9217,1645,10862,1,2782,58890,0.21735439,1635,8435,2330,395,6220,6580,2.3,8605,3695,880,500,155,970,2370,7820,11165,0.62,0.56,3860,1045,690,1455
beddington-heights,North,Calgary,25,703,730,2,8296,1015,9312,2,1384,101290,0.116892092,2180,8320,1255,90,5885,5955,2.8,7890,3830,800,120,515,1730,3100,4825,9665,0.72,0.65,4510,1125,170,1440
country-hills,North,Calgary,8,224,233,1,2649,324,2973,1,141,101290,0.03731859,595,2770,395,25,1785,1995,2.7,2250,1440,310,85,85,590,840,1755,3185,0.76,0.7,1570,325,135,300
coventry-hills,North,Calgary,37,1040,1080,4,12276,1502,13779,3,3030,101290,0.172968704,4420,12320,755,30,8835,8680,3.2,11395,5920,1455,200,555,1885,3720,7500,13100,0.8,0.74,7780,1115,175,1035
country-hills-village,North,Calgary,5,143,149,0,1689,207,1895,0,57,101290,0.023793069,285,1585,525,15,1045,1365,1.8,1500,855,190,55,30,280,565,1280,2130,0.67,0.61,1010,210,25,265
evanston,North,Calgary,30,829,862,3,9796,1199,10995,3,1930,101290,0.138019548,3810,9675,460,35,6925,7055,3.1,8615,5155,1165,210,285,990,2195,6985,10170,0.83,0.76,6245,660,95,795
Harvest Hills,North,Calgary,16,449,466,2,5297,648,5946,1,564,101290,0.07463718,1295,5565,665,30,3790,3765,3,5110,2350,425,95,255,995,1910,3355,6265,0.76,0.69,3395,495,125,550
Hidden Valley,North,Calgary,25,707,735,2,8349,1022,9371,2,1402,101290,0.11763254,2450,8625,800,40,6065,5845,3.1,8160,3635,595,115,295,1335,2495,5640,9465,0.76,0.7,5255,690,65,585
Panorama Hills,North,Calgary,55,1550,1611,5,18303,2240,20542,5,6736,101290,0.257873433,6345,18065,1615,95,12995,13125,3.3,13155,12490,2515,475,265,2780,5025,11970,19780,0.76,0.69,10430,1740,185,2220
Sandstone Valley,North,Calgary,13,366,380,1,4320,529,4848,1,375,101290,0.060864844,850,4450,775,90,3030,3135,2.9,3630,2435,275,100,115,920,1605,2790,5315,0.68,0.63,2615,485,35,435
banff-trail,Nosehill,Calgary,7,166,174,1,2496,383,2880,1,196,72285,0.052016324,370,3090,260,40,2010,1755,2.3,2820,600,155,345,65,285,815,2290,3390,0.73,0.67,1165,560,295,445
brentwood,Nosehill,Calgary,12,291,305,1,4371,672,5043,2,600,72285,0.091097738,925,4640,850,170,3410,3180,2.3,4535,1660,440,395,105,455,1230,3985,5655,0.67,0.61,2050,695,365,765
cambrian-heights,Nosehill,Calgary,4,100,105,0,1504,231,1735,1,71,72285,0.031334302,355,1660,195,45,1120,1140,2.4,1825,410,50,20,40,195,515,1195,1905,0.73,0.65,955,100,90,205
capitol-hill,Nosehill,Calgary,8,184,193,1,2768,425,3194,1,241,72285,0.057688317,570,3245,345,20,2145,2025,2.1,3215,730,145,220,135,380,775,2445,3600,0.79,0.72,1505,490,330,570
charleswood,Nosehill,Calgary,7,162,169,1,2426,373,2799,1,185,72285,0.050563741,555,2510,480,110,1905,1750,2.5,2830,660,135,165,40,295,570,2235,3095,0.66,0.59,1110,305,165,325
collingwood,Nosehill,Calgary,4,95,100,0,1434,220,1654,1,65,72285,0.029881718,290,1425,335,115,1020,1135,2.4,1670,450,70,40,30,190,385,1295,1875,0.68,0.61,735,170,105,175
Greenview,Nosehill,Calgary,4,91,95,0,1361,209,1570,1,58,72285,0.028359964,240,1620,145,45,1065,980,2,1345,620,140,75,50,320,550,940,1805,0.72,0.62,815,200,45,315
Highland Park,Nosehill,Calgary,7,177,186,1,2665,409,3075,1,223,72285,0.055544027,535,3045,385,45,2065,1950,2,2975,945,270,90,175,540,960,1975,3475,0.73,0.65,1480,485,110,685
Highwood,Nosehill,Calgary,4,91,96,0,1371,211,1581,1,59,72285,0.028567476,355,1450,200,65,985,1085,2.3,1785,255,55,30,110,205,455,1050,1715,0.75,0.71,895,145,55,175
Huntington Hills,Nosehill,Calgary,25,603,631,3,9058,1392,10450,4,2576,72285,0.188766687,2255,9260,1945,180,6735,6915,2.5,9850,3565,785,235,630,2120,3520,5750,11385,0.68,0.61,5175,1110,190,1795
Mount Pleasent,Nosehill,Calgary,10,243,254,1,3651,561,4212,2,418,72285,0.076087708,925,4130,385,65,2852,2675,2.3,4490,920,220,95,155,435,695,3445,4575,0.75,0.69,1955,470,475,495
North Haven Upper,Nosehill,Calgary,1,28,29,0,422,65,486,0,6,72285,0.008784672,60,440,120,20,310,325,2.7,530,105,0,0,25,70,185,325,575,0.74,0.64,320,20,0,25
North Haven,Nosehill,Calgary,4,106,111,0,1587,244,1830,1,79,72285,0.033063568,345,1560,425,60,1125,1265,2.5,1970,405,75,10,70,230,560,1250,2040,0.65,0.59,840,210,45,175
Queens Park Village,Nosehill,Calgary,1,21,22,0,319,49,368,0,3,72285,0.006640382,130,350,0,0,250,235,3,220,260,130,10,10,65,85,200,350,0.87,0.71,135,90,10,145
Rosemont,Nosehill,Calgary,2,60,63,0,900,138,1038,0,25,72285,0.018745245,200,960,150,45,650,700,2.5,1185,160,30,10,55,105,275,775,1155,0.73,0.66,545,100,40,80
Thorncliffe,Nosehill,Calgary,16,387,405,2,5815,893,6709,3,1062,72285,0.121186968,1400,6130,1060,165,4480,4280,2.4,6000,2495,615,265,395,1295,2345,3720,7365,0.7,0.62,3290,710,235,1130
Tuxedo Park,Nosehill,Calgary,9,228,238,1,3419,525,3944,2,367,72285,0.071245763,635,3960,445,110,2665,2485,2.1,3585,1495,395,70,165,980,1150,2690,4520,0.76,0.69,1865,645,345,635
Winston Heights/Mountview,Nosehill,Calgary,7,161,169,1,2420,372,2791,1,184,72285,0.050425399,475,2680,420,70,1865,1780,2.1,2875,705,130,65,215,500,825,1835,3170,0.73,0.66,1520,275,150,380
auburn-bay,SE,Calgary,30,861,895,4,10400,1314,11714,3,1976,111615,0.133046634,4360,10260,225,0,7365,7480,3,11455,3155,785,240,400,845,2470,7165,10485,0.85,0.8,6450,675,320,715
copperfield,SE,Calgary,26,730,760,3,8824,1115,9939,2,1422,111615,0.112888053,3220,9040,335,0,6315,6285,2.7,9305,3100,910,205,385,1020,2450,5920,9380,0.85,0.78,6090,640,70,560
cranston,SE,Calgary,37,1050,1092,5,12690,1603,14293,3,2942,111615,0.162343771,4690,12395,1025,20,9000,9120,2.9,13360,4555,995,205,520,1250,3205,8985,13435,0.8,0.73,7800,905,145,765
douglasdale-glen,SE,Calgary,26,736,766,4,8894,1124,10018,2,1445,111615,0.11378399,2060,9105,1460,70,6365,6335,2.8,9670,2955,335,75,335,1300,2730,6610,10640,0.72,0.66,5460,620,205,435
Mahogany,SE,Calgary,15,413,430,2,4990,630,5620,1,455,111615,0.063835506,2050,4870,205,0,3590,3535,2.9,5100,1880,515,150,165,340,1105,3635,5080,0.85,0.79,3220,335,30,245
Mckenzie Lake,SE,Calgary,29,807,840,4,9752,1232,10984,2,1737,111615,0.124759217,2605,10265,1010,45,7035,6890,3,11560,2300,420,70,315,1470,3340,6515,11325,0.77,0.7,6405,665,135,760
Mckenzie Towne,SE,Calgary,37,1037,1079,5,12529,1583,14112,3,2867,111615,0.160283116,4025,12685,1105,60,8815,9075,2.5,13925,3760,1085,195,575,1455,3725,8680,13860,0.81,0.74,8080,885,420,1070
New Brighton,SE,Calgary,25,713,741,3,8610,1088,9698,2,1354,111615,0.110155445,3315,8670,310,10,6125,6170,3,8460,3745,1140,90,365,850,2350,5785,8985,0.86,0.79,5875,610,145,585
Red Carpet,SE,Calgary,4,105,109,1,1271,161,1432,0,30,111615,0.016261255,235,1275,285,25,920,895,2,1420,385,75,10,135,455,520,610,1585,0.65,0.57,730,135,15,225
Shepard Industrial,SE,Calgary,1,17,18,0,207,26,233,0,1,111615,0.002643014,15,215,50,10,175,115,1.8,275,15,0,0,15,55,95,135,280,0.66,0.61,155,0,0,30
bridlewood,SW,Calgary,26,744,778,8,8775,1371,10146,2,1576,103860,0.123194685,3045,9035,690,20,6265,6535,3.1,6660,5850,1780,285,290,1140,2590,6025,9750,0.77,0.69,5055,1180,120,890
chaparral,SW,Calgary,27,784,819,8,9242,1444,10685,2,1748,103860,0.12974196,3455,9150,840,35,6700,6775,3.2,10375,3010,710,90,365,1205,2435,6380,10015,0.76,0.69,5350,710,80,600
evergreen,SW,Calgary,42,1236,1291,13,14567,2276,16843,3,4344,103860,0.204506066,4840,14805,1515,85,10475,10765,3.1,11655,9245,2040,340,475,1840,3945,10625,16405,0.75,0.68,7780,2095,155,1285
Legacy,SW,Calgary,5,135,141,1,1588,248,1836,0,52,103860,0.022289621,455,1745,100,10,1135,1175,2.6,1350,905,360,55,55,180,445,1240,1860,0.84,0.77,1165,165,10,170
Midnapore,SW,Calgary,13,382,399,4,4499,703,5202,1,414,103860,0.063161949,1075,4590,825,75,3310,3250,2.4,5255,1235,200,70,215,680,1675,3135,5485,0.72,0.66,2690,470,100,730
Millrise,SW,Calgary,13,393,410,4,4629,723,5352,1,439,103860,0.064991334,1135,4865,660,95,3315,3435,2.6,4170,2435,635,145,170,700,1575,3340,5615,0.75,0.65,2685,750,75,540
Shawnee Slopes,SW,Calgary,3,90,94,1,1063,166,1229,0,23,103860,0.014923936,200,1010,305,35,720,830,2.4,1100,440,45,20,40,95,385,875,1355,0.63,0.57,540,105,0,35
Shawnessy,SW,Calgary,19,552,577,6,6505,1016,7521,1,866,103860,0.09132486,1450,7055,960,20,4805,4685,2.9,5975,3360,845,155,280,990,2545,4505,8040,0.75,0.68,3790,1110,140,760
Silverado,SW,Calgary,14,406,424,4,4780,747,5527,1,468,103860,0.067109571,1640,5045,270,10,3395,3575,3,3890,3020,570,60,155,435,1190,3705,5330,0.8,0.72,2670,815,40,395
Somerset,SW,Calgary,18,513,536,6,6049,945,6994,1,749,103860,0.08492201,1625,6355,750,80,4420,4395,2.8,4570,4040,1060,210,210,890,1960,4340,7190,0.74,0.66,3010,1160,150,755
Sundance,SW,Calgary,20,595,622,6,7013,1095,8108,1,1007,103860,0.098449836,1660,7540,940,85,5105,5120,3,8100,2030,315,95,265,1010,2405,5155,8565,0.73,0.65,4290,595,135,440
Walden,SW,Calgary,7,214,223,2,2520,394,2914,1,130,103860,0.035384171,890,2615,130,45,1850,1825,2.8,1975,1640,410,60,65,260,570,1955,2785,0.82,0.74,1485,315,70,105
castleridge,Upper NE,Calgary,35,936,977,5,4692,449,5141,3,453,92265,0.070069907,1415,4520,515,20,3270,3195,3.4,3165,3120,1090,185,315,1320,1660,2070,5050,0.72,0.64,2315,660,80,990
cityscape,Upper NE,Calgary,9,246,256,1,1230,118,1348,1,31,92265,0.018370997,565,1065,60,0,835,865,3.9,635,1020,335,40,0,170,275,690,1135,0.77,0.69,650,120,0,280
coral-springs,Upper NE,Calgary,33,885,923,5,4434,424,4858,3,405,92265,0.066222294,965,4380,685,85,3050,3065,4,2590,3475,430,50,80,1230,1585,2340,5150,0.68,0.62,2555,435,25,300
Falconridge,Upper NE,Calgary,59,1577,1646,9,7903,756,8659,5,1285,92265,0.118029589,2690,7525,630,50,5520,5375,3.2,5660,4955,1740,280,505,1935,2720,3555,8200,0.73,0.64,4010,975,115,1920
Martindale,Upper NE,Calgary,82,2176,2270,13,10900,1043,11943,7,2445,92265,0.162791958,3545,10415,1030,30,7725,7295,3.8,6115,8495,2180,410,370,2745,3880,4850,11475,0.72,0.66,5740,1335,75,1640
Redstone,Upper NE,Calgary,14,367,383,2,1840,176,2016,1,70,92265,0.027475207,635,1825,70,10,1245,1285,3.5,1120,1400,470,15,35,330,530,1045,1905,0.78,0.69,1060,200,10,140
Saddle Ridge,Upper NE,Calgary,106,2828,2951,16,14169,1356,15525,8,4132,92265,0.211618707,5010,13340,1100,75,9910,9615,4.1,6780,12330,3415,410,205,3100,4415,7000,14515,0.73,0.66,7280,1845,65,1920
Skyview Ranch,Upper NE,Calgary,46,1223,1276,7,6129,586,6715,4,773,92265,0.091529833,2020,6025,385,10,4275,4170,3.1,3820,4495,1210,135,135,980,1640,3810,6430,0.8,0.73,3760,640,20,555
Taradale,Upper NE,Calgary,105,2800,2921,16,14028,1342,15370,8,4050,92265,0.20950523,5170,13115,970,70,9700,9630,4.1,6825,12110,3440,400,205,3065,4300,6795,14155,0.73,0.65,7030,1745,95,2340
Vista Heights,Upper NE,Calgary,12,326,340,2,1633,156,1789,1,55,92265,0.024386279,520,1460,265,10,1130,1115,2.9,1350,850,210,45,85,310,470,940,1725,0.68,0.58,685,145,95,395
arbour-lake,Upper NW,Calgary,14,492,509,3,7267,1115,8383,2,988,117205,0.091804957,1690,7395,1440,240,5265,5495,2.8,6745,3825,650,185,165,1145,2195,5730,9070,0.67,0.59,3760,945,130,655
citadel,Upper NW,Calgary,13,477,493,3,7048,1082,8129,2,929,117205,0.089032038,2075,7605,710,45,5125,5310,3,6380,3925,585,135,200,985,1965,5419,8360,0.76,0.68,4340,855,70,735
dalhousie,Upper NW,Calgary,12,415,429,2,6136,942,7078,2,704,117205,0.077513758,1455,6085,1365,185,4535,4555,2.5,5850,2780,855,455,205,765,1730,5140,7630,0.64,0.57,2695,1025,250,1100
edgemont,Upper NW,Calgary,21,729,754,4,10772,1653,12426,3,2171,117205,0.136086344,2500,10960,2345,140,7950,8000,3,8955,6700,955,295,160,1305,2930,9210,13450,0.63,0.56,5415,1045,180,1330
Hamptons,Upper NW,Calgary,10,357,369,2,5275,810,6084,2,520,117205,0.066635382,950,5635,1135,95,3845,3965,3.2,3625,4125,265,55,45,1015,1535,4310,6860,0.61,0.56,2820,445,80,490
Hawkwood,Upper NW,Calgary,13,450,465,3,6649,1020,7670,2,827,117205,0.083998123,1505,6940,1220,180,4880,4965,3,6220,3475,415,140,180,820,2015,5505,8335,0.66,0.58,3590,650,105,615
Kincora,Upper NW,Calgary,8,278,287,2,4103,630,4733,1,315,117205,0.05183226,1605,4140,310,20,2965,3110,3.1,3485,2535,480,50,95,380,1055,3035,4470,0.79,0.71,2560,285,35,365
Macewan Glen,Upper NW,Calgary,7,231,239,1,3414,524,3938,1,218,117205,0.043129559,875,3670,465,50,2525,2530,2.8,3810,1180,215,55,100,505,1200,2480,4185,0.72,0.66,2060,360,60,430
Nolan Hill,Upper NW,Calgary,5,180,186,1,2661,408,3069,1,132,117205,0.033616313,1030,2830,70,10,1985,1950,3.1,2025,1820,435,95,40,230,545,2135,2910,0.81,0.73,1740,205,45,180
Ranchlands,Upper NW,Calgary,10,349,361,2,5157,791,5948,1,497,117205,0.065142272,1335,5510,755,35,3760,3875,2.6,5295,2150,645,190,310,650,1510,4135,6295,0.74,0.66,2925,730,160,930
Rocky Ridge,Upper NW,Calgary,11,375,387,2,5535,849,6384,2,573,117205,0.069920225,1675,5595,805,125,3960,4230,2.7,5510,2550,600,135,150,605,1380,4535,6520,0.71,0.63,3015,630,75,550
Royal Oak,Upper NW,Calgary,15,534,553,3,7895,1212,9107,2,1166,117205,0.099739772,2645,8215,815,20,5695,5995,2.9,7270,4235,780,185,155,820,1890,6340,9045,0.75,0.68,4175,1140,145,720
Sage Hill,Upper NW,Calgary,7,258,267,2,3816,586,4402,1,272,117205,0.048206135,1365,4155,120,0,2765,2885,2.8,3450,2080,460,115,125,290,970,3020,4280,0.83,0.77,2660,335,30,285
Sherwood,Upper NW,Calgary,7,232,240,1,3431,527,3958,1,220,117205,0.043342861,1140,3645,285,0,2585,2490,3.5,2050,2920,600,110,40,545,890,2510,3940,0.75,0.67,1925,400,40,470
aspen-woods,West,Calgary,12,370,384,2,6236,1023,7259,2,936,87725,0.103277287,2585,6190,240,45,4435,4620,3.2,5170,3636,770,255,45,475,1005,4990,6470,0.77,0.68,3010,750,110,315
christie-park,West,Calgary,3,85,89,0,1439,236,1675,0,50,87725,0.023824451,295,1420,320,55,1010,1075,2.9,1450,605,15,35,25,175,375,1240,1790,0.59,0.53,590,190,45,80
coach-hill,West,Calgary,5,139,145,1,2347,385,2732,1,133,87725,0.038871473,555,2345,430,70,1670,1740,2.4,2510,850,250,50,140,210,625,2015,2850,0.74,0.68,1400,215,55,215
cougar-ridge,West,Calgary,9,290,302,2,4894,803,5697,1,576,87725,0.081048732,2085,4770,245,10,3495,3610,3.2,4930,2075,360,100,145,465,940,3615,5025,0.79,0.72,2680,410,80,425
crestmont,West,Calgary,2,63,66,0,1063,174,1238,0,27,87725,0.017611855,355,1085,100,10,765,775,3.4,965,555,60,20,45,95,220,880,1190,0.74,0.63,580,70,10,25
discovery-ridge,West,Calgary,6,183,190,1,3080,505,3585,1,228,87725,0.051011684,915,3115,415,25,2230,2240,2.8,3305,1085,210,80,75,320,795,2445,3560,0.7,0.62,1645,185,45,160
Patterson,West,Calgary,6,174,181,1,2936,481,3417,1,207,87725,0.04861784,540,2920,780,30,1985,2280,2.2,2700,1495,310,70,65,310,785,2630,3725,0.68,0.6,1665,235,85,335
Rosscarrock,West,Calgary,5,145,151,1,2450,402,2852,1,144,87725,0.040581362,555,2725,245,45,1750,1810,2.3,2145,1305,535,110,200,500,825,1680,3005,0.75,0.69,1265,580,115,620
Shaganappi,West,Calgary,2,60,63,0,1019,167,1186,0,25,87725,0.016870903,175,1155,120,25,730,750,2.2,1035,380,135,65,40,105,390,805,1310,0.77,0.73,540,245,100,155
Signal Hill,West,Calgary,18,560,581,3,9430,1546,10976,2,2140,87725,0.156169849,2015,9140,2155,390,6505,7195,2.7,8895,4530,560,275,115,1265,2690,7735,11685,0.63,0.57,4480,1105,215,845
Springbank Hill,West,Calgary,13,402,417,2,6770,1110,7880,2,1103,87725,0.112111713,2360,6755,700,30,4755,5085,3,6290,3340,710,205,170,640,1305,5530,7480,0.73,0.64,3405,725,55,570
Spruce Cliff,West,Calgary,6,185,192,1,3115,511,3625,1,233,87725,0.051581647,720,3370,365,75,2135,2390,2,3080,1260,410,185,160,410,850,2545,3805,0.73,0.65,1620,560,120,910
Strathcona Park,West,Calgary,9,285,295,2,4794,786,5580,1,553,87725,0.079395839,1330,4685,875,75,3460,3510,2.9,5105,1815,175,45,165,515,1245,3880,5635,0.66,0.59,2230,590,110,605
Westgate,West,Calgary,4,136,141,1,2289,375,2664,1,126,87725,0.037902536,535,2350,415,30,1600,1720,2.5,2690,625,130,10,105,340,770,1680,2790,0.76,0.7,1310,390,80,215
West Springs,West,Calgary,13,401,416,2,6759,1108,7868,2,1099,87725,0.111940724,2895,6460,430,40,4795,5030,3.1,6810,2805,540,205,160,580,1250,5095,6925,0.77,0.71,3505,550,140,420
Wildwood,West,Calgary,3,105,109,1,1762,289,2051,0,75,87725,0.029182103,395,1740,355,70,1240,1325,2.5,2185,365,30,10,35,265,325,1580,2170,0.69,0.64,965,125,100,105
bowness,West Bow,Calgary,10,488,506,7,7444,1570,9014,2,6198,18820,0.573857598,1495,7920,1250,135,5350,5450,2.2,9060,1510,390,225,755,1705,2640,4960,9305,0.71,0.64,4310,750,375,1520
Greenwood- Greenbriar,West Bow,Calgary,1,41,42,1,624,132,755,0,44,18820,0.048087141,95,610,195,10,490,415,1.8,830,75,0,0,60,235,315,265,810,0.59,0.53,375,30,0,135
Montgomery,West Bow,Calgary,4,180,186,3,2740,578,3318,1,840,18820,0.211211477,615,2905,410,55,2055,1925,2.2,3145,660,150,175,265,380,745,2235,3360,0.73,0.66,1520,280,215,520
Parkdale,West Bow,Calgary,2,84,87,1,1285,271,1557,0,185,18820,0.099096706,250,1370,210,45,890,975,2.2,1485,315,55,65,50,115,230,1270,1620,0.72,0.67,625,85,260,100
Point Mckay,West Bow,Calgary,1,58,60,1,879,185,1064,0,86,18820,0.067747078,45,915,295,20,610,665,1.6,1020,235,15,20,25,25,210,995,1230,0.68,0.62,455,80,125,95
