name,local health area,active cases,recovered cases,total cases,deaths,dose 1,dose 2,total dose administered,# of total outbreaks,population,population region,population ratio,age (0-14),age (15-64),age (65-84),age (85+),male,female,avg household size,non-immigrants,immigrants,recent immigrants,non pr,aboriginal,no certificate,high school,post-secondary,# of population over 15,labour participation rate,employement rate,driver+passenger,public transit,walked+bike,low income
ABBOTTSFIELD (2010) ( 9.9%),Abbottsfield,4.0,94.0,100.0,1.0,880.0,149.0,1029.0,0.0,216.0,13300.0,0.1274436090225564,450,1165,85,0,835,860,3.1,1035,540,175,120,175,330,415,495,1245,67.1,58.2,480,140,25,480.0
BEACON HEIGHTS (2040) ( 5.8%),Abbottsfield,7.0,156.0,165.0,2.0,1461.0,248.0,1709.0,0.0,596.0,13300.0,0.21165413533834587,330,2010,410,70,1445,1375,2.7,2295,515,45,10,315,750,770,960,2485,61.4,53.9,1075,165,45,360.0
BERGMAN (2090) ( 4.6%),Abbottsfield,4.0,90.0,95.0,1.0,841.0,143.0,983.0,0.0,197.0,13300.0,0.12180451127819548,280,1145,175,20,815,805,2.9,1335,285,30,0,80,320,400,615,1340,69.0,61.9,690,80,25,120.0
BEVERLY HEIGHTS (2100) ( 6.1%),Abbottsfield,9.0,197.0,209.0,3.0,1848.0,313.0,2161.0,0.0,953.0,13300.0,0.26766917293233083,585,2305,550,120,1815,1745,2.8,3075,465,70,20,400,640,840,1495,2975,61.2,53.6,1275,190,45,580.0
RUNDLE HEIGHTS (2660) ( 4.4%),Abbottsfield,9.0,200.0,212.0,3.0,1874.0,318.0,2192.0,0.0,980.0,13300.0,0.2714285714285714,960,2250,365,35,1830,1780,3.1,2560,990,355,60,450,710,800,1140,2650,62.3,52.5,1070,195,30,1015.0
KINGLET GARDENS (4477) ( 4.4%),Bonnie Doon,0.0,8.0,8.0,0.0,136.0,24.0,160.0,0.0,0.0,89895.0,0.0021691973969631237,15,130,55,0,100,95,2.7,135,65,0,0,0,10,55,115,180,59.5,62.2,90,0,0,
ALLENDALE (5010) ( 8.1%),Bonnie Doon,2.0,113.0,118.0,3.0,2033.0,360.0,2392.0,0.0,95.0,89895.0,0.03248234050837088,325,2340,235,25,1555,1360,2.8,2335,460,120,125,135,315,785,1495,2595,77.9,69.6,1275,315,145,320.0
BELGRAVIA (5040) ( 3.9%),Bonnie Doon,1.0,90.0,94.0,3.0,1615.0,286.0,1901.0,0.0,60.0,89895.0,0.025807886979253573,395,1535,330,55,1105,1215,3.0,1665,565,60,85,45,110,325,1490,1925,65.5,61.8,610,250,200,165.0
GARNEAU (5200) ( 8.0%),Bonnie Doon,4.0,261.0,273.0,8.0,4699.0,831.0,5530.0,0.0,507.0,89895.0,0.07508760220256966,205,5980,500,60,3440,3310,2.3,3775,1375,445,1595,175,185,1710,4645,6545,66.8,60.3,1640,755,1265,2025.0
LENDRUM PLACE (5270) ( 4.6%),Bonnie Doon,1.0,73.0,76.0,2.0,1305.0,231.0,1536.0,0.0,39.0,89895.0,0.020857667278491573,265,1240,310,60,965,910,2.8,1420,410,105,45,70,145,360,1105,1605,59.6,57.8,610,170,100,160.0
MCKERNAN (5290) ( 6.2%),Bonnie Doon,2.0,97.0,101.0,3.0,1737.0,307.0,2044.0,0.0,69.0,89895.0,0.027754602591912786,215,2025,205,45,1310,1185,2.6,1800,425,55,275,70,110,555,1620,2280,76.5,69.5,800,320,360,350.0
PARKALLEN (5310) ( 3.2%),Bonnie Doon,1.0,90.0,95.0,3.0,1626.0,288.0,1913.0,0.0,61.0,89895.0,0.025974748317481505,330,1785,200,20,1160,1170,2.8,1940,330,65,65,75,135,540,1330,2005,78.8,74.3,775,315,235,150.0
PLEASANTVIEW (5320) ( 5.5%),Bonnie Doon,2.0,148.0,155.0,5.0,2670.0,472.0,3142.0,0.0,164.0,89895.0,0.04266088214027477,570,2770,465,35,1880,1955,2.7,2515,1145,450,175,135,305,835,2125,3265,74.0,67.3,1455,435,165,450.0
QUEEN ALEXANDRA (5330) ( 7.9%),Bonnie Doon,3.0,185.0,194.0,6.0,3335.0,590.0,3924.0,0.0,255.0,89895.0,0.05328438734078647,375,3930,430,50,2405,2380,2.5,3315,1035,395,440,285,335,980,3100,4415,76.4,68.1,1635,665,535,840.0
STRATHCONA (5480) ( 8.5%),Bonnie Doon,5.0,337.0,353.0,10.0,6074.0,1074.0,7148.0,0.0,847.0,89895.0,0.09705767840258078,710,7120,825,70,4505,4220,2.5,6430,1640,500,655,415,600,1660,5755,8015,80.2,74.9,3340,1115,1105,1150.0
WINDSOR PARK (5580) ( 3.0%),Bonnie Doon,1.0,51.0,53.0,2.0,912.0,161.0,1073.0,0.0,19.0,89895.0,0.014572556871906112,205,815,235,60,680,625,3.0,935,320,25,50,20,60,205,845,1105,63.8,58.4,330,40,170,75.0
ARGYLL (6010) ( 6.0%),Bonnie Doon,1.0,35.0,37.0,1.0,630.0,111.0,741.0,0.0,9.0,89895.0,0.010067300739751933,140,630,90,45,435,465,2.7,750,150,30,0,20,110,190,470,770,76.0,71.4,410,60,40,30.0
AVONMORE (6020) ( 6.5%),Bonnie Doon,1.0,87.0,91.0,3.0,1570.0,278.0,1848.0,0.0,57.0,89895.0,0.025084821180265865,370,1465,340,75,1140,1110,2.7,1935,295,45,20,145,240,470,1180,1885,67.1,63.1,930,100,85,255.0
BONNIE DOON (6040) ( 6.0%),Bonnie Doon,3.0,170.0,178.0,5.0,3063.0,542.0,3605.0,0.0,215.0,89895.0,0.048945992546860224,515,3285,475,125,2240,2160,2.7,3565,675,95,160,245,425,925,2535,3885,73.4,66.8,1770,325,250,480.0
CAPILANO (6061) ( 2.3%),Bonnie Doon,2.0,109.0,114.0,3.0,1956.0,346.0,2302.0,0.0,88.0,89895.0,0.03125869069469937,435,1830,470,70,1425,1380,2.9,2495,305,10,10,105,160,565,1650,2375,68.4,64.2,1235,95,50,95.0
CLOVERDALE (6070) ( 8.0%),Bonnie Doon,1.0,37.0,39.0,1.0,668.0,118.0,787.0,0.0,10.0,89895.0,0.010679125646587686,125,735,90,10,505,455,2.6,835,100,10,20,25,50,155,625,830,74.1,70.5,480,35,25,40.0
CPR IRVINE (6110) ( 12.6%),Bonnie Doon,0.0,8.0,8.0,0.0,139.0,25.0,164.0,0.0,0.0,89895.0,0.0022248178430391012,0,195,0,0,115,80,2.1,160,20,0,15,15,0,70,125,195,84.6,79.5,90,25,20,
FOREST HEIGHTS (6230) ( 1.9%),Bonnie Doon,2.0,148.0,155.0,5.0,2663.0,471.0,3134.0,0.0,163.0,89895.0,0.04254964124812281,425,2720,550,125,1940,1880,2.6,3165,580,75,80,230,525,830,2045,3395,68.8,62.7,1605,295,80,390.0
FULTON PLACE (6240) ( 4.8%),Bonnie Doon,1.0,85.0,89.0,3.0,1532.0,271.0,1802.0,0.0,54.0,89895.0,0.024472996273430112,250,1495,365,85,1125,1075,2.6,2005,175,25,20,160,270,475,1195,1950,63.2,56.8,805,140,65,115.0
GOLD BAR (6270) ( 7.8%),Bonnie Doon,2.0,109.0,114.0,3.0,1963.0,347.0,2310.0,0.0,88.0,89895.0,0.03136993158685133,510,1890,360,60,1360,1455,2.9,2465,295,130,60,190,365,710,1240,2310,70.8,63.9,1185,135,80,290.0
HAZELDEAN (6290) ( 7.1%),Bonnie Doon,2.0,127.0,133.0,4.0,2280.0,403.0,2683.0,0.0,119.0,89895.0,0.03643139217976528,590,2365,275,45,1705,1570,2.7,2860,375,120,45,320,345,695,1645,2690,75.0,66.9,1305,170,190,305.0
HOLYROOD (6310) ( 4.5%),Bonnie Doon,2.0,130.0,136.0,4.0,2339.0,414.0,2753.0,0.0,126.0,89895.0,0.0373769397630569,540,2365,390,65,1690,1675,2.8,2960,365,50,35,185,360,740,1720,2825,70.4,65.2,1385,225,105,255.0
IDYLWYLDE (6320) ( 3.3%),Bonnie Doon,1.0,67.0,70.0,2.0,1201.0,212.0,1413.0,0.0,33.0,89895.0,0.019189053896212248,185,1110,370,65,805,920,2.5,1300,350,115,70,120,215,365,965,1545,59.5,53.4,560,190,15,180.0
KENILWORTH (6350) ( 5.6%),Bonnie Doon,2.0,98.0,103.0,3.0,1768.0,313.0,2081.0,0.0,72.0,89895.0,0.028255186606596584,295,1660,515,75,1235,1305,2.6,2110,390,55,40,190,400,610,1235,2245,63.8,59.2,1110,125,30,155.0
KING EDWARD PARK (6360) ( 7.4%),Bonnie Doon,3.0,181.0,189.0,6.0,3258.0,576.0,3834.0,0.0,244.0,89895.0,0.052060737527114966,570,3715,320,80,2430,2250,2.6,3890,665,180,135,330,695,1065,2355,4110,76.9,70.4,2195,375,155,450.0
MAPLE RIDGE (6410) ( 5.1%),Bonnie Doon,1.0,66.0,69.0,2.0,1180.0,209.0,1389.0,0.0,32.0,89895.0,0.018855331219756383,205,1225,255,15,875,825,2.5,1580,120,10,0,140,380,540,575,1490,65.4,59.7,755,105,0,215.0
MAPLE RIDGE INDUSTRIAL (6420) ( 29.4%),Bonnie Doon,0.0,4.0,5.0,0.0,80.0,14.0,94.0,0.0,0.0,89895.0,0.0012792702597474832,15,55,45,0,65,50,2.7,90,25,0,0,15,20,30,50,105,60.0,45.0,25,0,0,
OTTEWELL (6550) ( 5.7%),Bonnie Doon,4.0,223.0,233.0,7.0,4010.0,709.0,4719.0,0.0,369.0,89895.0,0.06407475387952612,755,3840,975,190,2905,2850,2.8,4945,755,210,60,345,765,1255,2980,5005,65.0,58.1,2225,315,185,275.0
RITCHIE (6610) ( 8.2%),Bonnie Doon,3.0,158.0,165.0,5.0,2840.0,502.0,3343.0,0.0,185.0,89895.0,0.04538628399799766,380,3240,385,80,2035,2045,2.5,3310,650,215,120,220,420,840,2440,3695,75.7,69.7,1830,335,230,420.0
STRATHEARN (6710) ( 5.9%),Bonnie Doon,2.0,96.0,100.0,3.0,1726.0,305.0,2032.0,0.0,68.0,89895.0,0.027587741253684853,370,1885,190,35,1250,1230,2.7,2010,435,135,35,215,200,510,1395,2105,76.0,69.1,1085,190,95,235.0
TERRACE HEIGHTS (6730) ( 2.5%),Bonnie Doon,1.0,87.0,91.0,3.0,1573.0,278.0,1852.0,0.0,57.0,89895.0,0.025140441626341842,390,1620,190,55,1115,1145,2.8,1720,470,210,70,175,310,530,1025,1865,70.0,65.7,830,175,155,375.0
LAGO LINDO (2450) ( 3.8%),Castle Downs,8.0,290.0,299.0,1.0,2207.0,367.0,2574.0,0.0,210.0,69790.0,0.05480727897979653,670,2745,395,15,1950,1875,3.0,2910,910,100,0,200,500,1030,1625,3155,72.7,66.2,1705,235,25,345.0
BARANOW (3020) ( 8.1%),Castle Downs,4.0,132.0,136.0,1.0,1004.0,167.0,1171.0,0.0,43.0,69790.0,0.024931938673162343,355,1185,185,15,820,920,2.7,975,735,240,35,55,285,355,740,1380,67.4,63.4,740,70,30,410.0
BATURYN (3030) ( 4.3%),Castle Downs,10.0,374.0,386.0,2.0,2851.0,474.0,3325.0,0.0,350.0,69790.0,0.07078377991116205,1010,3270,625,35,2485,2460,3.0,3840,1045,120,60,395,785,1285,1855,3930,64.0,58.1,1890,250,35,570.0
BEAUMARIS (3040) ( 6.6%),Castle Downs,9.0,345.0,356.0,1.0,2628.0,437.0,3066.0,0.0,297.0,69790.0,0.06526723026221522,780,2645,970,165,2140,2415,3.0,2890,1620,350,50,210,810,1195,1770,3780,54.2,49.3,1540,175,25,740.0
CAERNARVON (3060) ( 5.2%),Castle Downs,9.0,334.0,344.0,1.0,2542.0,423.0,2965.0,0.0,278.0,69790.0,0.06311792520418398,945,2940,500,20,2110,2295,3.1,2925,1380,365,105,270,685,1155,1620,3460,68.5,61.6,1685,235,45,770.0
CANOSSA (3080) ( 4.0%),Castle Downs,7.0,259.0,267.0,1.0,1973.0,328.0,2302.0,0.0,168.0,69790.0,0.04900415532311219,765,2390,240,25,1685,1735,3.1,2345,1055,105,25,90,465,765,1425,2655,77.5,71.7,1620,160,20,185.0
CARLISLE (3090) ( 4.9%),Castle Downs,8.0,297.0,306.0,1.0,2259.0,376.0,2635.0,0.0,220.0,69790.0,0.05609686201461527,845,2610,420,35,2030,1885,3.2,2610,1275,315,35,295,765,995,1310,3070,69.4,60.6,1540,165,35,605.0
GRIESBACH (3111) ( 7.3%),Castle Downs,9.0,338.0,349.0,1.0,2577.0,429.0,3005.0,0.0,286.0,69790.0,0.06397764722739648,1110,3015,315,25,2120,2350,3.0,3300,1125,215,45,280,425,810,2120,3355,77.8,73.6,2090,205,20,190.0
CHAMBERY (3120) ( 6.6%),Castle Downs,6.0,206.0,212.0,1.0,1570.0,261.0,1831.0,0.0,106.0,69790.0,0.03897406505229976,775,1825,105,20,1350,1370,3.6,1810,900,70,15,85,305,605,1035,1945,77.6,74.0,1240,100,0,245.0
CUMBERLAND (3150) ( 0.5%),Castle Downs,13.0,495.0,511.0,2.0,3774.0,628.0,4402.0,0.0,613.0,69790.0,0.09370970053016192,1520,4640,365,20,3245,3295,3.1,4380,2030,280,130,160,740,1500,2785,5020,77.6,71.6,3010,285,75,255.0
DUNLUCE (3180) ( 5.3%),Castle Downs,13.0,495.0,511.0,2.0,3774.0,628.0,4402.0,0.0,613.0,69790.0,0.09370970053016192,1340,4505,660,35,3305,3230,3.0,4925,1540,390,70,515,1055,1725,2420,5200,69.9,63.3,2640,425,70,1130.0
ELSINORE (3190) ( 1.1%),Castle Downs,4.0,156.0,161.0,1.0,1192.0,198.0,1390.0,0.0,61.0,69790.0,0.02958876629889669,335,1360,320,50,945,1115,3.0,1475,585,50,0,20,245,420,1065,1730,69.3,64.6,950,100,20,45.0
LORELEI (3280) ( 6.0%),Castle Downs,9.0,330.0,340.0,1.0,2513.0,418.0,2931.0,0.0,272.0,69790.0,0.06240149018484024,885,2860,585,25,2205,2155,3.1,2815,1440,375,105,360,765,1100,1605,3475,63.4,57.2,1565,260,45,765.0
OXFORD (3320) ( 2.7%),Castle Downs,8.0,296.0,305.0,1.0,2253.0,375.0,2628.0,0.0,218.0,69790.0,0.05595357501074653,760,2800,330,10,1925,1980,3.3,2380,1470,240,50,120,580,935,1625,3140,70.6,65.3,1735,180,35,355.0
PEMBINA (3340) ( 9.1%),Castle Downs,1.0,42.0,44.0,0.0,323.0,54.0,377.0,0.0,4.0,69790.0,0.00802407221664995,70,395,85,10,290,270,2.6,340,215,25,10,15,95,115,280,490,70.1,66.0,285,0,20,80.0
RAPPERSWILL (3370) ( 5.2%),Castle Downs,5.0,180.0,185.0,1.0,1370.0,228.0,1598.0,0.0,81.0,69790.0,0.03403066341882791,555,1770,45,0,1185,1195,3.1,1440,900,350,35,65,225,420,1180,1820,84.3,79.7,1260,105,35,30.0
ALBANY (3460) ( 8.8%),Castle Downs,3.0,102.0,105.0,0.0,776.0,129.0,905.0,0.0,26.0,69790.0,0.019272102020346755,315,995,30,10,700,645,3.0,840,485,110,20,25,110,295,625,1030,85.4,81.1,740,40,10,90.0
CARLTON (3470) ( 5.0%),Castle Downs,11.0,400.0,412.0,2.0,3047.0,507.0,3554.0,0.0,399.0,69790.0,0.07565553804269953,1380,3565,320,15,2600,2685,3.2,3470,1665,285,145,145,590,1040,2275,3905,77.2,72.7,2450,175,40,395.0
HUDSON (3480) ( 6.0%),Castle Downs,5.0,191.0,197.0,1.0,1454.0,242.0,1696.0,0.0,91.0,69790.0,0.03610832497492478,505,1875,130,10,1265,1250,3.3,1480,1015,210,25,45,405,575,1035,2010,75.1,68.9,1195,95,50,130.0
DECOTEAU (6663) ( 5.6%),Castle Downs,1.0,24.0,25.0,0.0,185.0,31.0,215.0,0.0,1.0,69790.0,0.004585184123799971,60,215,45,0,180,140,2.9,215,105,20,0,20,40,70,150,260,69.8,67.9,140,0,0,20.0
BLUE QUILL (5060) ( 5.9%),Duggan,7.0,217.0,232.0,8.0,3028.0,578.0,3606.0,1.0,558.0,37480.0,0.12206510138740662,840,3335,385,10,2335,2235,2.9,2340,1865,915,375,140,460,855,2425,3735,71.1,64.3,1560,620,70,730.0
DUGGAN (5160) ( 7.8%),Duggan,7.0,217.0,232.0,8.0,3031.0,579.0,3610.0,1.0,560.0,37480.0,0.12219850586979722,850,3085,590,55,2240,2340,3.0,3000,1455,565,125,235,460,910,2360,3730,66.5,60.6,1590,350,170,460.0
EMPIRE PARK (5170) ( 7.9%),Duggan,8.0,255.0,273.0,10.0,3564.0,680.0,4244.0,1.0,774.0,37480.0,0.14367662753468516,695,4380,295,20,2785,2595,2.7,2955,1555,770,880,250,470,1615,2605,4690,70.1,62.3,1635,895,295,1130.0
ERMINESKIN (5180) ( 7.8%),Duggan,8.0,250.0,268.0,10.0,3491.0,666.0,4158.0,1.0,742.0,37480.0,0.14074172892209177,760,3580,785,145,2570,2705,2.8,3045,1940,765,290,205,585,1045,2885,4520,66.0,59.9,1800,610,155,825.0
GREENFIELD (5220) ( 4.9%),Duggan,6.0,183.0,196.0,7.0,2555.0,488.0,3042.0,1.0,398.0,37480.0,0.10298826040554962,590,2500,710,60,1925,1935,2.9,3075,740,110,40,130,370,720,2185,3275,65.8,61.2,1465,280,115,250.0
MALMO PLAINS (5280) ( 2.7%),Duggan,5.0,153.0,164.0,6.0,2138.0,408.0,2546.0,1.0,278.0,37480.0,0.08617929562433298,740,2135,310,40,1580,1645,3.0,1705,995,480,540,105,150,390,1950,2495,66.1,60.0,770,540,80,655.0
RIDEAU PARK (5360) ( 6.6%),Duggan,2.0,80.0,86.0,3.0,1122.0,214.0,1336.0,0.0,77.0,37480.0,0.045224119530416225,210,1035,385,60,895,800,2.8,940,675,155,80,95,210,410,855,1480,59.8,54.7,555,150,40,225.0
ROYAL GARDENS (5430) ( 6.0%),Duggan,5.0,171.0,183.0,7.0,2393.0,457.0,2849.0,1.0,349.0,37480.0,0.09645144076840982,660,2550,360,50,1740,1875,3.0,2245,1225,385,140,180,410,715,1825,2950,68.5,62.1,1235,380,95,585.0
STEINHAUER (5470) ( 3.1%),Duggan,3.0,98.0,105.0,4.0,1363.0,260.0,1624.0,0.0,113.0,37480.0,0.05496264674493063,350,1360,320,30,965,1090,2.9,1370,660,150,30,55,165,410,1130,1705,67.2,60.7,735,150,60,180.0
SWEET GRASS (5490) ( 4.9%),Duggan,4.0,129.0,138.0,5.0,1804.0,344.0,2148.0,1.0,198.0,37480.0,0.07270544290288154,515,1870,330,10,1285,1440,2.9,1760,855,220,105,80,250,530,1435,2205,70.3,65.1,995,295,35,435.0
UNIVERSITY OF ALBERTA (5520) ( 13.2%),Duggan,0.0,5.0,6.0,0.0,73.0,14.0,87.0,0.0,0.0,37480.0,0.002934898612593383,0,110,0,0,30,75,0.0,55,0,0,50,10,0,55,55,110,42.9,38.1,10,10,15,
UNIVERSITY OF ALBERTA FARM (5530) ( 11.4%),Duggan,1.0,18.0,19.0,1.0,245.0,47.0,292.0,0.0,4.0,37480.0,0.009871931696905017,30,295,40,0,190,180,2.5,255,75,15,35,15,55,75,205,335,83.6,76.1,170,55,10,20.0
ALBERTA AVENUE (1010) ( 8.5%),Eastwood,12.0,461.0,488.0,14.0,4479.0,682.0,5161.0,1.0,801.0,57240.0,0.11827393431167016,930,5140,625,65,3445,3325,2.8,4800,1830,460,140,700,1505,1625,2705,5835,69.5,61.3,2480,690,215,1120.0
BOYLE STREET (1020) ( 11.6%),Eastwood,9.0,344.0,363.0,11.0,3338.0,508.0,3846.0,1.0,445.0,57240.0,0.08813766596785465,460,3820,595,165,2710,2330,2.4,2985,1805,430,250,515,1090,1255,2235,4580,62.3,55.0,1500,580,255,1485.0
CENTRAL MCDOUGALL (1030) ( 9.0%),Eastwood,8.0,308.0,325.0,10.0,2987.0,455.0,3442.0,1.0,356.0,57240.0,0.07887840670859539,565,3635,280,30,2420,2100,2.7,2335,1960,875,215,420,985,1115,1840,3950,67.9,59.1,1150,690,405,1290.0
CROMDALE (1070) ( 8.8%),Eastwood,3.0,130.0,137.0,4.0,1260.0,192.0,1452.0,0.0,63.0,57240.0,0.033280922431865825,215,1490,170,30,985,915,2.4,1195,620,245,85,220,335,395,955,1690,68.5,62.6,720,265,40,385.0
DELTON (1080) ( 5.4%),Eastwood,4.0,146.0,155.0,5.0,1419.0,216.0,1635.0,0.0,80.0,57240.0,0.03747379454926625,290,1605,225,30,1155,995,2.8,1650,485,80,20,210,495,540,830,1860,68.8,62.1,905,145,20,230.0
DOWNTOWN (1090) ( 8.6%),Eastwood,19.0,734.0,776.0,23.0,7129.0,1085.0,8214.0,1.0,2028.0,57240.0,0.18824248777078967,305,9680,715,70,5685,5085,2.2,6590,2655,960,1530,475,495,2435,7535,10470,78.3,73.1,3095,1515,2640,2235.0
EASTWOOD (1100) ( 13.3%),Eastwood,7.0,280.0,296.0,9.0,2716.0,413.0,3129.0,1.0,294.0,57240.0,0.07171558350803633,650,2975,425,50,2185,1920,2.8,2895,1130,285,80,660,1050,1080,1325,3455,60.3,53.1,1150,500,75,1165.0
ELMWOOD PARK (1130) ( 12.3%),Eastwood,2.0,81.0,85.0,3.0,784.0,119.0,903.0,0.0,25.0,57240.0,0.02070230607966457,190,870,110,15,650,530,2.8,875,270,55,35,215,315,340,345,995,69.2,62.1,440,95,10,215.0
MCCAULEY (1140) ( 6.8%),Eastwood,7.0,253.0,268.0,8.0,2461.0,375.0,2836.0,0.0,242.0,57240.0,0.0649895178197065,475,2815,375,50,2045,1670,2.9,2135,1470,290,115,455,1150,760,1325,3240,57.3,48.9,860,365,260,1130.0
PARKDALE (1160) ( 7.6%),Eastwood,7.0,249.0,263.0,8.0,2418.0,368.0,2786.0,0.0,233.0,57240.0,0.06385394828791055,575,2695,335,50,1955,1700,2.8,2545,1050,240,60,525,830,840,1405,3085,67.4,58.2,1195,365,85,685.0
RIVERDALE (1210) ( 3.9%),Eastwood,4.0,138.0,146.0,4.0,1340.0,204.0,1544.0,0.0,72.0,57240.0,0.03537735849056604,275,1480,265,10,940,1085,2.6,1710,305,55,15,130,130,345,1280,1750,75.2,71.2,800,110,210,105.0
ROSSDALE (1220) ( 4.6%),Eastwood,2.0,62.0,65.0,2.0,599.0,91.0,690.0,0.0,14.0,57240.0,0.015810621942697414,45,765,80,10,515,390,2.3,725,150,30,35,35,60,150,650,855,83.6,77.2,415,90,100,85.0
VIRGINIA PARK (1240) ( 3.0%),Eastwood,1.0,43.0,46.0,1.0,420.0,64.0,484.0,0.0,7.0,57240.0,0.011093640810621943,55,385,155,45,270,365,2.7,555,80,0,0,45,115,135,335,580,62.4,57.3,215,60,35,115.0
BELLEVUE (2060) ( 4.4%),Eastwood,2.0,74.0,78.0,2.0,715.0,109.0,823.0,0.0,20.0,57240.0,0.018867924528301886,140,770,140,25,515,565,2.7,900,140,10,30,75,110,210,610,935,72.2,65.8,440,90,30,95.0
HIGHLANDS (2330) ( 4.5%),Eastwood,5.0,179.0,190.0,6.0,1743.0,265.0,2009.0,0.0,121.0,57240.0,0.04603424178895877,350,1875,350,55,1340,1290,2.6,2260,335,55,35,150,275,545,1465,2285,73.1,68.7,1205,175,55,145.0
MONTROSE (2550) ( 6.2%),Eastwood,6.0,215.0,228.0,7.0,2091.0,318.0,2409.0,0.0,174.0,57240.0,0.05520614954577219,460,2315,335,50,1595,1565,2.9,2410,725,220,25,385,715,850,1140,2700,65.0,56.9,1155,265,50,550.0
NEWTON (2560) ( 5.5%),Eastwood,5.0,203.0,215.0,6.0,1972.0,300.0,2272.0,0.0,155.0,57240.0,0.052061495457721874,460,2095,395,30,1555,1430,2.7,2255,695,120,35,310,655,765,1100,2525,65.9,58.2,1150,220,20,275.0
CRESTWOOD (3140) ( 6.5%),Jasper Place,2.0,64.0,70.0,3.0,655.0,129.0,783.0,0.0,59.0,93155.0,0.025065750630669313,385,1495,385,70,1105,1230,2.9,1905,405,20,25,70,225,395,1325,1950,67.3,65.0,1010,75,65,145.0
LAURIER HEIGHTS (3270) ( 4.1%),Jasper Place,2.0,72.0,79.0,4.0,739.0,145.0,884.0,0.0,75.0,93155.0,0.028286189683860232,415,1675,340,210,1280,1350,2.9,2295,320,20,25,65,190,445,1585,2220,66.2,62.8,1095,60,65,115.0
PARKVIEW (3330) ( 2.2%),Jasper Place,3.0,90.0,98.0,5.0,925.0,182.0,1107.0,0.0,117.0,93155.0,0.035424829585100105,565,2160,505,65,1625,1680,2.9,2845,440,60,15,130,255,575,1905,2730,69.0,65.0,1385,125,75,160.0
ALDERGROVE (4020) ( 4.5%),Jasper Place,5.0,150.0,164.0,8.0,1538.0,302.0,1840.0,0.0,323.0,93155.0,0.05888036068917396,970,3995,475,40,2680,2805,3.0,3760,1600,505,120,475,760,1390,2365,4510,73.3,66.3,2170,520,120,615.0
BELMEAD (4040) ( 4.4%),Jasper Place,5.0,131.0,143.0,7.0,1342.0,264.0,1605.0,0.0,246.0,93155.0,0.05136600289839515,925,3260,555,55,2330,2460,3.1,2935,1695,330,160,250,655,1035,2180,3870,70.2,63.1,1805,430,100,595.0
DECHENE (4110) ( 4.5%),Jasper Place,2.0,45.0,49.0,2.0,460.0,90.0,550.0,0.0,29.0,93155.0,0.017605066824110355,220,1105,290,25,795,840,2.9,1160,470,45,10,45,170,400,850,1420,68.0,66.2,735,80,20,20.0
DONSDALE (4120) ( 3.0%),Jasper Place,1.0,32.0,34.0,2.0,322.0,63.0,386.0,0.0,14.0,93155.0,0.012345016370565186,160,830,160,0,570,580,3.0,720,420,0,10,25,100,245,645,990,69.2,67.7,555,25,20,20.0
GARIEPY (4160) ( 5.2%),Jasper Place,2.0,53.0,57.0,3.0,540.0,106.0,646.0,0.0,40.0,93155.0,0.020664483924641725,310,1255,350,10,935,990,2.9,1410,505,30,0,65,130,395,1090,1615,69.3,64.7,800,90,15,110.0
JAMIESON PLACE (4220) ( 3.3%),Jasper Place,4.0,108.0,118.0,6.0,1108.0,218.0,1325.0,0.0,167.0,93155.0,0.04240244753368042,575,2975,350,40,1970,1975,3.1,2705,1220,220,20,115,380,1000,1985,3370,76.3,71.7,1925,215,65,105.0
LYMBURN (4270) ( 3.7%),Jasper Place,6.0,163.0,177.0,9.0,1665.0,327.0,1993.0,0.0,379.0,93155.0,0.06376469325318018,1120,4300,500,20,2900,3040,3.1,4090,1750,240,100,385,770,1510,2535,4820,76.6,70.6,2705,460,55,530.0
LYNNWOOD (4280) ( 6.0%),Jasper Place,4.0,102.0,111.0,5.0,1044.0,205.0,1250.0,0.0,149.0,93155.0,0.039987118243787236,645,2625,370,90,1910,1820,2.8,2410,1110,470,210,230,490,900,1690,3085,69.6,63.5,1305,485,85,430.0
OLESKIW (4360) ( 6.1%),Jasper Place,3.0,87.0,95.0,5.0,892.0,175.0,1067.0,0.0,109.0,93155.0,0.03413665396382373,480,2030,610,55,1540,1640,3.0,2360,815,55,10,75,215,535,1955,2695,63.6,59.9,1300,70,30,140.0
ORMSBY PLACE (4380) ( 5.6%),Jasper Place,5.0,144.0,156.0,8.0,1469.0,289.0,1758.0,0.0,295.0,93155.0,0.05625033546240137,950,3790,485,20,2595,2650,3.0,3515,1690,335,35,445,660,1280,2350,4290,71.8,66.4,2250,335,80,560.0
PATRICIA HEIGHTS (4390) ( 6.8%),Jasper Place,2.0,48.0,52.0,3.0,491.0,96.0,587.0,0.0,33.0,93155.0,0.018785894476947024,315,1265,160,10,930,825,2.9,1330,405,195,20,110,175,405,855,1435,74.9,70.0,750,165,35,195.0
QUESNELL HEIGHTS (4420) ( 4.6%),Jasper Place,0.0,9.0,9.0,0.0,88.0,17.0,106.0,0.0,1.0,93155.0,0.0033814610058504643,55,210,45,0,170,150,3.1,285,25,10,0,10,20,40,200,260,78.4,76.5,155,10,10,20.0
RIO TERRACE (4430) ( 6.7%),Jasper Place,1.0,35.0,38.0,2.0,360.0,71.0,431.0,0.0,18.0,93155.0,0.0137942139445011,225,800,230,30,640,645,2.9,1110,165,15,10,40,70,240,750,1060,62.3,59.0,485,50,20,30.0
THE HAMPTONS (4461) ( 4.6%),Jasper Place,11.0,325.0,354.0,17.0,3327.0,653.0,3980.0,0.0,1511.0,93155.0,0.12736836455370082,3115,8345,400,0,5775,6095,3.2,7645,4080,930,135,420,880,2240,5635,8750,82.1,76.6,5620,620,90,660.0
EDGEMONT (4462) ( 3.0%),Jasper Place,1.0,41.0,44.0,2.0,415.0,82.0,496.0,0.0,24.0,93155.0,0.015887499329075197,395,1015,70,0,760,715,3.0,920,540,280,25,35,80,255,750,1085,84.3,80.6,725,60,10,70.0
RIVERVIEW AREA (4463) ( 5.1%),Jasper Place,0.0,13.0,14.0,1.0,130.0,26.0,156.0,0.0,2.0,93155.0,0.004991680532445923,85,325,55,0,245,220,3.5,410,55,0,0,15,60,135,185,385,59.7,57.1,195,0,0,45.0
CAMERON HEIGHTS (4466) ( 2.1%),Jasper Place,2.0,50.0,54.0,3.0,512.0,101.0,612.0,0.0,36.0,93155.0,0.019591004240244753,495,1205,130,0,920,905,3.1,1320,475,70,25,100,105,275,945,1325,75.9,72.2,805,30,0,70.0
STEWART GREENS (4486) ( 4.0%),Jasper Place,0.0,11.0,12.0,1.0,109.0,21.0,131.0,0.0,2.0,93155.0,0.004186570769148194,80,310,0,0,215,175,3.4,200,185,80,10,0,50,65,200,315,80.6,77.4,185,25,0,10.0
SECORD (4487) ( 3.8%),Jasper Place,3.0,98.0,106.0,5.0,1000.0,196.0,1196.0,0.0,136.0,93155.0,0.03826955074875208,915,2530,120,0,1805,1755,3.1,2085,1420,460,55,145,270,520,1855,2650,84.7,79.4,1790,170,10,125.0
GRANVILLE (4551) ( 4.5%),Jasper Place,2.0,55.0,60.0,3.0,564.0,111.0,674.0,0.0,43.0,93155.0,0.021576941656379155,515,1440,45,10,1075,935,3.3,1125,810,290,75,30,150,370,980,1500,81.3,74.7,900,110,15,105.0
WEDGEWOOD HEIGHTS (4570) ( 4.8%),Jasper Place,2.0,48.0,52.0,3.0,486.0,96.0,582.0,0.0,32.0,93155.0,0.01862487252428748,310,1250,155,25,805,930,3.0,1295,435,50,10,40,120,410,895,1425,68.3,62.0,760,20,15,90.0
WESTRIDGE (4610) ( 4.1%),Jasper Place,1.0,40.0,43.0,2.0,405.0,80.0,485.0,0.0,22.0,93155.0,0.015511781439536257,255,845,325,15,700,745,3.0,1155,270,25,25,35,90,230,875,1190,64.3,60.9,570,20,20,85.0
WESTVIEW VILLAGE (4620) ( 5.8%),Jasper Place,1.0,42.0,45.0,2.0,428.0,84.0,512.0,0.0,25.0,93155.0,0.016370565187053834,195,1050,285,0,690,840,2.7,1415,105,10,10,130,445,420,465,1330,68.4,61.7,670,90,25,125.0
WINTERBURN INDUSTRIAL AREA WEST (4670) ( 8.6%),Jasper Place,1.0,19.0,21.0,1.0,195.0,38.0,233.0,0.0,5.0,93155.0,0.007460683806558961,85,465,140,0,370,320,2.3,630,60,10,0,105,130,215,260,605,70.2,62.8,315,30,15,75.0
BRECKENRIDGE GREENS (4700) ( 3.8%),Jasper Place,2.0,52.0,57.0,3.0,534.0,105.0,639.0,0.0,39.0,93155.0,0.02044978798776233,340,1350,200,15,940,960,3.0,1420,480,40,0,75,150,405,1015,1565,75.1,68.7,975,60,0,35.0
POTTER GREENS (4710) ( 3.9%),Jasper Place,1.0,42.0,45.0,2.0,425.0,83.0,508.0,0.0,25.0,93155.0,0.016263217218614137,205,960,325,20,745,765,2.8,1135,375,20,10,55,170,355,790,1315,67.2,64.5,710,50,0,45.0
GLASTONBURY (4720) ( 2.3%),Jasper Place,6.0,178.0,194.0,10.0,1825.0,359.0,2184.0,0.0,455.0,93155.0,0.06988352745424292,1310,4585,515,100,3165,3350,3.0,4435,1970,300,110,230,680,1360,3160,5200,76.9,72.5,3150,330,95,230.0
SUDER GREENS (4730) ( 4.5%),Jasper Place,3.0,91.0,99.0,5.0,935.0,184.0,1119.0,0.0,119.0,93155.0,0.035800547474639045,725,2385,200,20,1580,1750,3.1,2255,1035,165,40,230,290,780,1525,2605,80.6,75.4,1615,225,10,115.0
WEBBER GREENS (4740) ( 4.2%),Jasper Place,2.0,69.0,75.0,4.0,701.0,138.0,839.0,0.0,67.0,93155.0,0.02683699210992432,590,1675,135,100,1240,1260,3.2,1240,1225,345,35,50,270,395,1245,1910,73.6,68.1,995,195,30,80.0
ROSENTHAL (4750) ( 8.7%),Jasper Place,2.0,48.0,52.0,3.0,491.0,96.0,587.0,0.0,33.0,93155.0,0.018785894476947024,450,1275,25,0,880,870,3.2,790,945,445,15,30,145,315,835,1295,87.6,83.8,890,140,10,70.0
CRAWFORD PLAINS (6140) ( 8.7%),Mill Woods South & East,13.0,425.0,441.0,3.0,3525.0,386.0,3911.0,0.0,325.0,66245.0,0.07004302211487659,950,3350,325,15,2305,2330,3.1,3480,1095,315,65,220,615,1220,1855,3690,73.2,67.2,2055,285,20,370.0
DALY GROVE (6150) ( 6.4%),Mill Woods South & East,10.0,326.0,338.0,2.0,2705.0,296.0,3001.0,0.0,191.0,66245.0,0.053739904898482904,615,2580,325,35,1800,1760,3.0,2350,1135,345,70,245,545,1050,1345,2940,70.2,64.3,1540,225,25,490.0
EKOTA (6200) ( 3.7%),Mill Woods South & East,7.0,236.0,245.0,2.0,1960.0,215.0,2175.0,0.0,100.0,66245.0,0.038946335572496035,520,1775,270,15,1290,1285,3.0,1955,580,220,45,145,390,625,1050,2055,71.1,63.6,1000,210,50,365.0
GREENVIEW (6280) ( 2.5%),Mill Woods South & East,8.0,268.0,278.0,2.0,2226.0,244.0,2470.0,0.0,130.0,66245.0,0.04422975318891992,590,1985,355,0,1515,1415,3.0,2130,735,165,60,120,290,635,1420,2340,71.8,65.6,1275,110,40,235.0
JACKSON HEIGHTS (6330) ( 3.2%),Mill Woods South & East,12.0,395.0,410.0,3.0,3274.0,358.0,3633.0,0.0,280.0,66245.0,0.06506151407653407,810,2920,535,35,2145,2165,3.1,2530,1710,220,65,210,540,1125,1830,3495,68.5,61.5,1830,230,10,110.0
KINISKI GARDENS (6370) ( 3.7%),Mill Woods South & East,19.0,615.0,639.0,4.0,5105.0,559.0,5664.0,1.0,682.0,66245.0,0.10144161823533851,1140,5060,485,40,3450,3275,3.1,4430,2215,380,70,275,800,1910,2870,5580,76.7,70.3,3410,275,55,545.0
LARKSPUR (6390) ( 5.6%),Mill Woods South & East,16.0,509.0,529.0,3.0,4228.0,463.0,4691.0,1.0,467.0,66245.0,0.0840063401011397,1065,4035,440,25,2835,2730,3.1,3465,2070,495,35,190,680,1385,2440,4500,75.2,69.7,2630,250,60,255.0
MAPLE (6441) ( 5.2%),Mill Woods South & East,4.0,134.0,139.0,1.0,1113.0,122.0,1235.0,0.0,32.0,66245.0,0.02211487659445996,370,1055,40,0,725,740,3.0,790,640,285,30,40,125,280,690,1095,84.0,75.8,705,85,10,135.0
SILVER BERRY (6442) ( 5.9%),Mill Woods South & East,25.0,802.0,832.0,5.0,6655.0,728.0,7384.0,1.0,1158.0,66245.0,0.1322363951996377,2085,6155,480,35,4365,4395,3.3,4515,4020,915,220,225,1125,1915,3640,6675,76.9,69.8,3925,465,30,635.0
TAMARACK (6443) ( 4.8%),Mill Woods South & East,15.0,476.0,494.0,3.0,3947.0,432.0,4379.0,1.0,407.0,66245.0,0.07842101290663446,1495,3515,175,10,2680,2510,3.3,2480,2535,955,175,125,480,935,2285,3700,78.2,71.4,2140,280,90,300.0
LAUREL (6444) ( 4.0%),Mill Woods South & East,21.0,671.0,696.0,4.0,5565.0,609.0,6174.0,1.0,810.0,66245.0,0.1105743829722998,1895,5145,285,0,3725,3605,3.2,2705,4345,1710,275,120,745,1350,3345,5435,77.8,71.1,3090,520,25,485.0
MENISA (6450) ( 5.5%),Mill Woods South & East,7.0,232.0,241.0,1.0,1926.0,211.0,2137.0,0.0,97.0,66245.0,0.038267039021812964,390,1805,340,0,1265,1270,2.8,2100,415,75,15,170,390,645,1115,2145,70.7,65.3,1175,145,20,200.0
MINCHAU (6530) ( 8.7%),Mill Woods South & East,9.0,292.0,303.0,2.0,2420.0,265.0,2685.0,0.0,153.0,66245.0,0.04807910030945732,615,2245,300,25,1610,1575,3.1,2260,825,230,100,105,415,815,1340,2570,73.5,65.0,1385,185,25,235.0
SAKAW (6670) ( 5.6%),Mill Woods South & East,12.0,369.0,383.0,2.0,3065.0,336.0,3401.0,0.0,246.0,66245.0,0.06091025737791531,765,2765,480,30,1980,2060,3.0,2860,1115,270,70,255,575,1130,1570,3275,70.8,63.1,1750,180,20,455.0
SATOO (6680) ( 5.4%),Mill Woods South & East,10.0,315.0,327.0,2.0,2613.0,286.0,2899.0,0.0,179.0,66245.0,0.051928447429994716,670,2210,520,40,1705,1730,3.0,2570,820,205,45,225,465,970,1330,2765,66.4,59.0,1295,220,20,345.0
BISSET (6030) ( 6.6%),Mill Woods West,6.0,319.0,330.0,5.0,2983.0,454.0,3436.0,0.0,417.0,39225.0,0.10312300828553218,750,2965,325,15,2075,1970,3.0,2460,1440,425,150,240,640,1120,1540,3300,73.5,64.5,1695,345,10,495.0
HILLVIEW (6300) ( 7.0%),Mill Woods West,6.0,288.0,297.0,4.0,2688.0,409.0,3097.0,0.0,339.0,39225.0,0.09292543021032505,625,2580,420,20,1770,1875,2.9,2655,885,115,100,215,435,975,1605,3020,70.4,63.6,1525,240,70,480.0
KAMEYOSEK (6340) ( 6.4%),Mill Woods West,4.0,214.0,222.0,3.0,2002.0,304.0,2307.0,0.0,188.0,39225.0,0.06921606118546846,705,1640,270,105,1370,1345,3.1,1690,975,400,50,120,475,595,955,2015,64.8,56.8,875,165,35,365.0
LEE RIDGE (6400) ( 8.1%),Mill Woods West,4.0,220.0,227.0,3.0,2054.0,312.0,2366.0,0.0,198.0,39225.0,0.0710006373486297,630,1795,345,20,1435,1350,3.2,1725,1020,290,40,170,435,645,1080,2160,62.5,56.0,960,170,40,595.0
MEYOKUMIN (6460) ( 5.9%),Mill Woods West,5.0,239.0,247.0,3.0,2234.0,340.0,2574.0,0.0,234.0,39225.0,0.07724665391969407,570,2215,250,0,1590,1440,3.0,1945,1020,335,65,110,385,800,1275,2465,73.2,68.1,1260,230,70,275.0
MEYONOHK (6470) ( 9.2%),Mill Woods West,5.0,243.0,251.0,3.0,2268.0,345.0,2612.0,0.0,241.0,39225.0,0.07839388145315487,520,2120,420,15,1485,1585,2.9,2125,890,190,60,220,510,790,1250,2555,69.7,63.4,1265,215,40,275.0
MICHAELS PARK (6480) ( 6.4%),Mill Woods West,3.0,173.0,179.0,2.0,1619.0,246.0,1865.0,0.0,123.0,39225.0,0.05595920968769917,365,1535,280,15,1030,1165,2.8,1415,730,190,50,90,290,605,935,1830,65.6,57.7,810,185,10,215.0
MILL WOODS TOWN CENTRE (6520) ( 8.6%),Mill Woods West,2.0,92.0,95.0,1.0,859.0,131.0,990.0,0.0,35.0,39225.0,0.02970044614404079,115,635,295,115,505,660,2.4,625,470,190,65,10,285,240,525,1050,52.1,48.8,280,155,75,160.0
POLLARD MEADOWS (6580) ( 7.8%),Mill Woods West,7.0,354.0,366.0,5.0,3311.0,504.0,3815.0,0.0,514.0,39225.0,0.11446781389420013,960,3085,410,30,2265,2225,3.0,2620,1700,620,170,215,665,1075,1790,3530,72.2,64.0,1850,285,60,620.0
RICHFIELD (6600) ( 7.4%),Mill Woods West,6.0,300.0,310.0,4.0,2802.0,426.0,3228.0,0.0,368.0,39225.0,0.09687699171446781,1065,2330,390,15,1815,1980,3.3,2205,1500,615,95,250,555,735,1450,2730,64.9,58.5,1205,235,75,900.0
TAWA (6720) ( 7.0%),Mill Woods West,3.0,150.0,155.0,2.0,1397.0,213.0,1610.0,0.0,92.0,39225.0,0.048311026131293816,255,1240,340,55,860,1035,2.7,1055,775,265,60,40,295,435,905,1640,63.3,57.8,715,115,65,185.0
TIPASKAN (6750) ( 9.7%),Mill Woods West,5.0,236.0,244.0,3.0,2205.0,335.0,2540.0,0.0,228.0,39225.0,0.07622689611217336,655,2115,210,15,1480,1515,3.0,1495,1305,630,190,125,335,710,1295,2335,72.8,64.0,1090,335,25,520.0
TWEDDLE PLACE (6760) ( 4.9%),Mill Woods West,5.0,268.0,277.0,4.0,2504.0,381.0,2884.0,0.0,294.0,39225.0,0.08655194391332059,770,2255,340,25,1665,1730,3.2,1910,1385,540,100,130,545,715,1365,2620,70.0,60.7,1150,305,30,465.0
BANNERMAN (2030) ( 7.2%),NE,6.0,205.0,213.0,2.0,1636.0,228.0,1865.0,0.0,97.0,80730.0,0.03462157809983897,530,1980,280,10,1330,1465,2.7,2315,440,95,40,340,430,775,1060,2265,71.5,64.2,1090,260,35,395.0
BELMONT (2070) ( 7.1%),NE,11.0,396.0,411.0,4.0,3162.0,441.0,3603.0,0.0,361.0,80730.0,0.06688963210702341,1145,3620,570,55,2610,2790,3.1,3735,1600,485,60,415,985,1295,1965,4250,71.0,64.5,2055,440,110,830.0
BELVEDERE (2080) ( 8.4%),NE,10.0,374.0,388.0,4.0,2986.0,417.0,3403.0,0.0,322.0,80730.0,0.06317354143441099,930,3485,630,50,2590,2510,2.8,3480,1500,445,120,745,995,1325,1850,4170,64.6,57.6,1660,550,110,1105.0
BRINTNELL (2110) ( 2.4%),NE,14.0,501.0,520.0,6.0,4002.0,559.0,4560.0,1.0,579.0,80730.0,0.08466493249101945,1775,4750,310,0,3400,3440,3.3,4245,2500,385,95,395,850,1440,2775,5065,79.7,72.2,2925,490,75,505.0
CANON RIDGE (2120) ( 3.9%),NE,5.0,166.0,173.0,2.0,1329.0,186.0,1515.0,0.0,64.0,80730.0,0.02811841942276725,405,1595,260,10,1085,1180,2.7,1800,420,70,50,155,265,555,1040,1860,70.2,61.4,905,175,0,245.0
CASSELMAN (2130) ( 4.2%),NE,8.0,276.0,286.0,3.0,2204.0,308.0,2512.0,0.0,176.0,80730.0,0.04663693794128577,725,2650,370,15,1800,1965,3.0,2625,1080,215,55,370,595,1010,1430,3040,70.1,64.0,1500,345,0,525.0
CLAREVIEW TOWN CENTRE (2145) ( 5.4%),NE,7.0,264.0,274.0,3.0,2108.0,294.0,2402.0,0.0,161.0,80730.0,0.044593088071348944,590,2855,140,20,1780,1830,2.8,1930,1575,535,100,190,350,1050,1610,3015,79.8,70.3,1220,685,115,330.0
EBBERS (2251) ( 0.8%),NE,0.0,11.0,12.0,0.0,91.0,13.0,103.0,0.0,0.0,80730.0,0.0019199801808497462,40,100,15,0,95,60,3.1,45,105,75,0,10,35,30,60,115,91.3,73.9,70,15,0,
EVERGREEN (2270) ( 7.6%),NE,2.0,77.0,80.0,1.0,618.0,86.0,704.0,0.0,14.0,80730.0,0.01306825219868698,145,740,175,0,550,510,2.7,1005,55,10,0,210,315,305,290,910,61.0,51.6,380,55,0,145.0
FRASER (2280) ( 6.8%),NE,8.0,281.0,292.0,3.0,2245.0,313.0,2559.0,0.0,182.0,80730.0,0.04750402576489533,805,2725,285,10,1930,1900,3.0,2945,835,170,55,370,530,1025,1465,3020,74.2,69.3,1595,335,45,375.0
HAIRSINE (2320) ( 4.3%),NE,5.0,191.0,198.0,2.0,1525.0,213.0,1738.0,0.0,84.0,80730.0,0.032268054007184445,495,1900,200,15,1285,1315,3.0,1950,615,120,40,280,465,755,890,2110,70.4,64.7,995,285,35,450.0
HOLLICK-KENYON (2340) ( 4.2%),NE,13.0,466.0,484.0,5.0,3724.0,520.0,4243.0,0.0,501.0,80730.0,0.07878112225938314,1395,4540,405,20,3165,3190,3.1,4065,2160,415,140,170,850,1500,2615,4965,75.3,69.3,2765,395,65,435.0
HOMESTEADER (2350) ( 6.9%),NE,7.0,272.0,282.0,3.0,2172.0,303.0,2475.0,0.0,170.0,80730.0,0.045955654651306826,955,2415,335,10,1880,1835,3.2,2660,985,295,70,445,605,905,1255,2760,67.9,61.6,1215,305,75,670.0
KERNOHAN (2390) ( 5.2%),NE,6.0,237.0,246.0,3.0,1897.0,265.0,2162.0,0.0,130.0,80730.0,0.04013377926421405,540,2260,420,30,1590,1650,2.8,2465,710,150,70,305,445,890,1370,2705,68.5,61.5,1255,240,60,285.0
KIRKNESS (2430) ( 6.0%),NE,8.0,298.0,310.0,3.0,2383.0,333.0,2716.0,0.0,205.0,80730.0,0.05041496345844172,800,2940,310,15,1980,2085,3.1,2680,1355,315,30,280,780,1095,1390,3265,73.7,63.3,1620,345,15,465.0
CRYSTALLINA NERA EAST (2462) ( 9.1%),NE,0.0,10.0,10.0,0.0,79.0,11.0,90.0,0.0,0.0,80730.0,0.0016722408026755853,20,115,0,0,85,50,3.0,105,25,25,0,10,10,20,90,115,91.7,83.3,85,10,0,
MATT BERRY (2500) ( 2.8%),NE,8.0,302.0,314.0,3.0,2415.0,337.0,2752.0,0.0,211.0,80730.0,0.051096246748420664,765,2925,405,30,2095,2035,3.2,2530,1550,130,45,90,680,1030,1655,3360,71.4,65.3,1810,235,25,340.0
MCCONACHIE AREA (2521) ( 5.1%),NE,11.0,393.0,408.0,4.0,3141.0,439.0,3580.0,0.0,357.0,80730.0,0.06645608819521863,1325,3910,135,0,2645,2720,3.1,3405,1855,550,100,220,510,1150,2380,4040,83.2,75.9,2585,295,30,410.0
MCLEOD (2530) ( 5.0%),NE,5.0,167.0,174.0,2.0,1338.0,187.0,1525.0,0.0,65.0,80730.0,0.02830422395639787,345,1450,455,35,1180,1110,2.8,1785,480,40,15,75,335,740,865,1940,58.7,54.5,845,120,25,150.0
MILLER (2541) ( 3.6%),NE,6.0,222.0,231.0,2.0,1777.0,248.0,2025.0,0.0,114.0,80730.0,0.0375944506379289,650,2025,295,60,1420,1615,3.1,1990,1010,205,35,175,455,655,1265,2380,74.2,67.9,1255,260,15,195.0
OVERLANDERS (2590) ( 8.2%),NE,6.0,218.0,226.0,2.0,1739.0,243.0,1982.0,0.0,109.0,80730.0,0.03678929765886288,635,2115,200,15,1530,1435,2.9,2245,660,220,60,265,540,790,995,2330,73.0,64.2,1155,280,15,450.0
CY BECKER (2611) ( 4.2%),NE,2.0,58.0,60.0,1.0,460.0,64.0,524.0,0.0,8.0,80730.0,0.00972377059333581,190,565,35,0,415,370,3.0,425,325,90,40,30,50,150,400,600,82.5,81.7,390,60,10,30.0
RURAL NORTH EAST HORSE HILL (2670) ( 11.0%),NE,1.0,32.0,33.0,0.0,255.0,36.0,290.0,0.0,2.0,80730.0,0.005388331475287997,75,275,75,10,230,200,2.8,410,25,0,0,45,110,100,145,360,58.3,54.2,165,15,0,35.0
EDMONTON ENERGY AND TECHNOLOGY PARK (2681) ( 7.1%),NE,0.0,15.0,16.0,0.0,120.0,17.0,137.0,0.0,1.0,80730.0,0.002539328626285148,25,135,35,10,95,105,2.6,180,20,10,0,30,50,55,75,180,63.9,44.4,50,0,0,
RURAL NORTH EAST SOUTH STURGEON (2690) ( 0.0%),NE,1.0,45.0,47.0,0.0,360.0,50.0,410.0,0.0,5.0,80730.0,0.007617985878855444,65,475,65,10,310,295,3.0,490,125,0,0,20,70,155,325,545,76.1,68.8,300,35,10,0.0
SIFTON PARK (2710) ( 9.7%),NE,4.0,155.0,161.0,2.0,1241.0,173.0,1414.0,0.0,56.0,80730.0,0.026260374086461043,430,1490,175,20,1090,1030,3.0,1260,775,350,80,95,355,480,850,1690,68.0,58.3,695,180,65,405.0
YORK (2720) ( 6.4%),NE,8.0,283.0,294.0,3.0,2260.0,316.0,2575.0,0.0,185.0,80730.0,0.047813699987613034,675,2675,480,35,1930,1930,2.9,2860,950,295,55,385,755,1000,1430,3190,67.6,61.3,1550,265,35,365.0
BALWIN (2020) ( 8.8%),Northgate,7.0,299.0,310.0,4.0,2522.0,482.0,3005.0,1.0,219.0,71650.0,0.05526866713189114,760,2645,455,100,2150,1805,3.0,2700,1165,215,95,480,1065,985,1150,3200,59.4,52.3,1275,265,60,850.0
BELLE RIVE (2050) ( 3.1%),Northgate,6.0,288.0,298.0,4.0,2427.0,464.0,2891.0,1.0,203.0,71650.0,0.053175157013258895,625,2760,400,25,1850,1955,3.2,2120,1645,130,45,105,735,990,1465,3185,69.9,65.3,1790,180,15,275.0
DELWOOD (2230) ( 4.1%),Northgate,6.0,259.0,268.0,4.0,2181.0,417.0,2599.0,1.0,164.0,71650.0,0.047801814375436145,530,2105,700,90,1695,1725,2.9,2660,715,65,40,300,835,920,1140,2895,62.9,55.6,1270,240,55,225.0
EAUX CLAIRES (2241) ( 4.2%),Northgate,6.0,254.0,263.0,3.0,2143.0,410.0,2553.0,1.0,158.0,71650.0,0.04696441032798325,540,2490,300,30,1675,1690,3.0,2030,1265,140,65,80,550,895,1380,2820,73.0,66.1,1540,190,70,270.0
EVANSDALE (2260) ( 5.7%),Northgate,10.0,439.0,455.0,6.0,3701.0,708.0,4408.0,1.0,471.0,71650.0,0.08108862526168877,1350,3670,720,65,2850,2955,3.1,3550,2150,655,115,280,1205,1345,1900,4460,60.3,53.6,2005,250,60,1420.0
GLENGARRY (2290) ( 7.9%),Northgate,5.0,217.0,225.0,3.0,1834.0,351.0,2185.0,0.0,116.0,71650.0,0.04019539427773901,400,1910,495,80,1400,1490,2.8,2105,770,140,10,155,565,845,1075,2485,61.8,55.3,1035,245,30,365.0
KILDARE (2400) ( 8.6%),Northgate,4.0,192.0,199.0,3.0,1621.0,310.0,1931.0,0.0,90.0,71650.0,0.03551988834612701,380,1575,515,80,1185,1360,2.9,1805,715,160,25,165,535,650,985,2170,58.2,51.5,840,180,65,355.0
KILKENNY (2410) ( 7.2%),Northgate,10.0,438.0,454.0,6.0,3697.0,707.0,4404.0,1.0,470.0,71650.0,0.08101884159106769,1250,3790,715,50,2915,2890,3.1,4040,1690,445,75,660,1135,1510,1910,4550,64.7,58.1,2020,425,65,1030.0
KILLARNEY (2420) ( 6.2%),Northgate,8.0,338.0,350.0,5.0,2850.0,545.0,3395.0,1.0,279.0,71650.0,0.06245638520586183,890,3115,405,70,2290,2185,2.9,3125,1185,490,160,665,925,1210,1450,3585,67.8,60.9,1620,380,100,810.0
KLARVATTEN (2440) ( 5.5%),Northgate,10.0,453.0,469.0,6.0,3822.0,731.0,4552.0,1.0,502.0,71650.0,0.0837404047452896,1320,4400,260,20,2935,3065,3.2,4025,1920,195,45,170,780,1430,2465,4680,78.0,71.5,2795,345,35,415.0
CRYSTALLINA NERA WEST (2463) ( 8.2%),Northgate,2.0,69.0,72.0,1.0,586.0,112.0,698.0,0.0,12.0,71650.0,0.01284019539427774,230,675,15,0,490,435,3.1,615,300,65,0,30,90,140,455,690,87.7,81.2,495,40,0,45.0
MAYLIEWAN (2511) ( 5.4%),Northgate,7.0,324.0,336.0,4.0,2732.0,522.0,3255.0,1.0,257.0,71650.0,0.05987438939288207,785,3005,460,40,2175,2110,3.2,2630,1625,95,35,105,775,1245,1480,3500,69.5,64.6,1930,200,15,295.0
NORTHMOUNT (2580) ( 4.9%),Northgate,5.0,227.0,235.0,3.0,1911.0,365.0,2276.0,0.0,126.0,71650.0,0.0418702023726448,480,1780,690,55,1520,1480,2.9,1935,1010,155,50,130,670,765,1095,2525,57.7,50.0,995,175,30,390.0
OZERNA (2600) ( 5.9%),Northgate,8.0,346.0,358.0,5.0,2917.0,558.0,3475.0,1.0,293.0,71650.0,0.06392184228890439,720,3340,490,35,2270,2315,3.2,2735,1815,80,40,75,925,1220,1720,3865,69.5,65.8,2220,215,25,305.0
SCHONSEE (2700) ( 3.9%),Northgate,6.0,265.0,275.0,4.0,2239.0,428.0,2667.0,1.0,172.0,71650.0,0.04905792044661549,855,2360,280,20,1670,1845,3.2,2120,1375,165,20,75,495,760,1405,2660,73.3,68.8,1595,150,15,255.0
CALDER (3070) ( 7.2%),Northgate,7.0,294.0,304.0,4.0,2478.0,474.0,2951.0,1.0,211.0,71650.0,0.05429169574319609,580,2915,310,90,1985,1910,2.7,3020,835,165,40,555,750,1110,1450,3315,68.2,59.9,1535,310,70,510.0
KENSINGTON (3250) ( 4.2%),Northgate,6.0,277.0,287.0,4.0,2338.0,447.0,2784.0,1.0,188.0,71650.0,0.051221214235868805,565,2340,635,130,1885,1780,2.9,2695,925,225,45,335,805,1035,1265,3110,63.0,54.9,1415,210,35,425.0
LAUDERDALE (3260) ( 7.0%),Northgate,5.0,219.0,227.0,3.0,1847.0,353.0,2200.0,0.0,117.0,71650.0,0.040474528960223306,520,2000,330,50,1450,1445,2.8,2005,815,270,80,240,540,805,1035,2380,66.6,59.0,1040,240,65,605.0
ROSSLYN (3390) ( 5.6%),Northgate,5.0,212.0,220.0,3.0,1790.0,342.0,2132.0,0.0,110.0,71650.0,0.039218422889043966,440,1860,435,75,1470,1335,2.9,2020,750,215,35,265,570,785,1015,2370,62.2,55.5,1055,155,65,350.0
RICHFORD (5451) ( 9.5%),Rutherford,2.0,51.0,52.0,0.0,477.0,61.0,538.0,0.0,4.0,85645.0,0.007122423959367155,45,415,150,0,275,340,2.7,405,210,10,0,15,75,150,340,565,61.1,54.0,235,45,0,15.0
MACEWAN (5452) ( 5.3%),Rutherford,15.0,486.0,504.0,2.0,4586.0,589.0,5175.0,1.0,402.0,85645.0,0.06853873547784459,1145,4320,380,25,2965,2900,3.0,3590,2140,480,140,130,410,1075,3245,4725,78.5,72.0,2690,485,50,340.0
BLACKMUD CREEK (5453) ( 4.3%),Rutherford,9.0,283.0,293.0,1.0,2672.0,343.0,3015.0,1.0,137.0,85645.0,0.039932278591861756,700,2365,325,25,1640,1775,3.0,2150,1220,340,55,130,255,570,1895,2715,73.8,67.6,1470,175,25,85.0
RUTHERFORD (5454) ( 6.0%),Rutherford,28.0,887.0,918.0,4.0,8359.0,1074.0,9433.0,2.0,1337.0,85645.0,0.12493432191021075,2640,7475,570,20,5280,5420,3.1,6760,3710,880,235,285,680,1800,5575,8060,78.5,72.4,4355,960,65,640.0
CALLAGHAN (5457) ( 5.2%),Rutherford,8.0,258.0,267.0,1.0,2430.0,312.0,2742.0,1.0,113.0,85645.0,0.03631268608792107,645,2365,95,0,1505,1605,3.0,1860,1130,370,125,110,315,620,1530,2465,79.1,72.0,1355,265,0,290.0
ALLARD (5458) ( 3.0%),Rutherford,8.0,269.0,278.0,1.0,2535.0,326.0,2861.0,1.0,123.0,85645.0,0.03788896024286298,770,2375,105,0,1660,1590,3.1,1610,1560,455,85,80,200,550,1730,2480,79.0,71.8,1355,310,10,185.0
CHAPPELLE AREA (5462) ( 7.9%),Rutherford,11.0,363.0,376.0,2.0,3422.0,440.0,3861.0,1.0,224.0,85645.0,0.05114133924922646,1075,3255,55,0,2200,2180,3.0,2905,1390,530,90,125,255,845,2210,3305,87.6,81.7,2315,250,10,220.0
HERITAGE VALLEY TOWN CENTRE AREA (5464) ( 11.8%),Rutherford,2.0,48.0,50.0,0.0,457.0,59.0,516.0,0.0,4.0,85645.0,0.006830521338081616,80,490,10,0,295,295,2.6,355,185,60,45,20,40,125,340,505,82.0,75.0,300,70,0,85.0
HAYS RIDGE AREA (5465) ( 2.3%),Rutherford,0.0,14.0,15.0,0.0,133.0,17.0,150.0,0.0,0.0,85645.0,0.001984937824741666,30,130,0,0,90,80,3.0,130,45,10,0,0,25,20,100,135,78.6,71.4,90,0,0,
CAVANAGH (5467) ( 8.2%),Rutherford,0.0,14.0,14.0,0.0,129.0,17.0,145.0,0.0,0.0,85645.0,0.0019265573004845584,25,140,0,0,80,85,3.2,80,90,40,0,10,10,35,100,140,85.7,71.4,70,0,0,
GRAYDON HILL (5468) ( 10.3%),Rutherford,0.0,14.0,14.0,0.0,129.0,17.0,145.0,0.0,0.0,85645.0,0.0019265573004845584,25,140,0,0,90,75,2.7,80,75,65,15,0,15,30,95,140,78.6,71.4,60,25,0,
PAISLEY (5469) ( 5.6%),Rutherford,1.0,42.0,44.0,0.0,398.0,51.0,450.0,0.0,3.0,85645.0,0.0059548134742249985,110,400,0,0,280,225,2.9,345,145,60,15,25,20,75,310,400,91.2,81.2,275,45,0,20.0
AMBLESIDE (5505) ( 3.5%),Rutherford,14.0,437.0,452.0,2.0,4117.0,529.0,4646.0,1.0,324.0,85645.0,0.06153307256699165,1120,3805,330,15,2535,2735,2.9,3285,1805,520,180,90,270,890,2995,4150,81.4,75.3,2615,225,75,400.0
WINDERMERE (5570) ( 5.0%),Rutherford,23.0,723.0,749.0,3.0,6816.0,876.0,7692.0,2.0,889.0,85645.0,0.10187401482865316,1970,6285,415,50,4470,4255,3.1,5145,3365,690,205,160,490,1425,4840,6750,78.1,72.5,3880,450,60,460.0
KESWICK AREA (5576) ( 9.5%),Rutherford,2.0,51.0,52.0,0.0,477.0,61.0,538.0,0.0,4.0,85645.0,0.007122423959367155,135,450,25,0,310,300,2.8,365,220,40,20,30,25,65,380,470,83.2,76.8,315,15,0,25.0
GLENRIDDING HEIGHTS (5578) ( 5.0%),Rutherford,4.0,129.0,134.0,1.0,1219.0,157.0,1375.0,0.0,28.0,85645.0,0.01821472356821764,355,1175,30,0,790,770,3.0,720,765,315,80,30,100,220,885,1205,85.1,80.5,815,90,0,115.0
BLACKBURNE (5590) ( 3.1%),Rutherford,4.0,120.0,124.0,1.0,1129.0,145.0,1274.0,0.0,24.0,85645.0,0.016871971510304163,165,985,280,15,685,760,2.8,1055,390,55,0,30,180,315,790,1285,63.4,61.1,640,55,20,70.0
ELLERSLIE (6211) ( 6.3%),Rutherford,16.0,508.0,526.0,2.0,4793.0,616.0,5409.0,1.0,439.0,85645.0,0.07163290326347131,1460,4435,210,30,3165,2970,3.2,3515,2395,585,220,250,550,1315,2810,4675,81.4,73.6,2810,370,65,480.0
SUMMERSIDE (6213) ( 4.5%),Rutherford,37.0,1200.0,1242.0,5.0,11313.0,1453.0,12766.0,3.0,2448.0,85645.0,0.16906999824858426,3645,10315,490,30,7185,7290,3.1,9410,4835,1085,235,350,1030,2550,7255,10835,82.9,76.6,6915,710,50,445.0
THE ORCHARDS AT ELLERSLIE (6216) ( 2.9%),Rutherford,3.0,103.0,106.0,0.0,969.0,124.0,1093.0,0.0,18.0,85645.0,0.014478370015762741,270,950,20,0,590,655,2.9,705,525,205,15,25,80,175,710,965,88.6,83.4,670,90,10,30.0
CHARLESWORTH (6661) ( 6.9%),Rutherford,14.0,459.0,475.0,2.0,4324.0,555.0,4880.0,1.0,358.0,85645.0,0.06462724035261837,1325,4020,185,10,2815,2720,3.2,2910,2510,735,120,105,535,1110,2575,4215,80.9,73.4,2585,330,10,300.0
WALKER (6662) ( 4.9%),Rutherford,20.0,639.0,662.0,3.0,6027.0,774.0,6802.0,1.0,695.0,85645.0,0.09008114892871738,1970,5535,195,15,3920,3795,3.2,3355,4250,1745,110,165,655,1175,3915,5745,80.9,74.3,3390,640,30,490.0
ASPEN GARDENS (5020) ( 2.3%),Twin Brooks,2.0,66.0,69.0,1.0,1288.0,274.0,1562.0,0.0,44.0,72810.0,0.024721878862793572,335,1165,275,20,880,920,3.2,1410,350,80,40,15,90,305,1070,1465,72.0,65.5,690,120,40,100.0
BEARSPAW (5030) ( 2.1%),Twin Brooks,2.0,76.0,79.0,1.0,1481.0,315.0,1796.0,0.0,59.0,72810.0,0.02843016069221261,235,1310,470,60,1075,1000,2.8,1475,570,65,30,40,210,450,1175,1835,58.7,54.6,775,135,20,145.0
BLUE QUILL ESTATES (5070) ( 6.6%),Twin Brooks,1.0,51.0,53.0,1.0,998.0,212.0,1210.0,0.0,27.0,72810.0,0.019159456118665017,265,900,205,20,720,670,3.0,805,505,190,80,15,120,275,730,1130,68.9,58.7,480,115,0,95.0
BRANDER GARDENS (5080) ( 6.0%),Twin Brooks,2.0,93.0,96.0,1.0,1810.0,385.0,2195.0,0.0,88.0,72810.0,0.03474797417937096,515,1655,305,55,1205,1330,2.9,1845,610,225,75,75,185,485,1340,2015,67.1,60.1,905,180,10,475.0
BROOKSIDE (5090) ( 0.0%),Twin Brooks,2.0,76.0,79.0,1.0,1474.0,313.0,1787.0,0.0,58.0,72810.0,0.028292816920752643,435,1250,345,25,1040,1020,3.1,1540,480,105,40,50,155,270,1190,1620,64.5,58.6,715,95,10,105.0
BULYEA HEIGHTS (5100) ( 1.8%),Twin Brooks,3.0,129.0,133.0,1.0,2504.0,532.0,3037.0,0.0,168.0,72810.0,0.0480703200109875,460,2385,565,85,1700,1800,2.9,2345,1110,55,35,65,230,750,2055,3035,67.5,62.8,1395,180,35,95.0
CARTER CREST (5130) ( 1.7%),Twin Brooks,1.0,53.0,55.0,1.0,1023.0,218.0,1241.0,0.0,28.0,72810.0,0.019640159318774893,230,920,275,10,695,735,3.2,1010,410,10,10,15,115,235,855,1200,66.8,61.8,620,50,10,35.0
FALCONER HEIGHTS (5190) ( 0.4%),Twin Brooks,2.0,66.0,69.0,1.0,1288.0,274.0,1562.0,0.0,44.0,72810.0,0.024721878862793572,270,1205,300,30,905,900,3.0,1025,770,110,10,20,115,350,1070,1535,61.4,55.6,610,130,35,50.0
GRANDVIEW HEIGHTS (5210) ( 7.4%),Twin Brooks,1.0,38.0,39.0,0.0,733.0,156.0,889.0,0.0,14.0,72810.0,0.01407773657464634,230,635,130,30,535,485,3.3,805,215,10,0,40,50,145,590,790,70.3,65.8,355,70,50,35.0
HENDERSON ESTATES (5230) ( 3.4%),Twin Brooks,2.0,71.0,73.0,1.0,1377.0,293.0,1670.0,0.0,51.0,72810.0,0.026438676006043126,325,1260,320,20,960,965,3.2,1330,590,20,10,45,110,340,1145,1595,68.1,62.5,790,85,10,60.0
KEHEEWIN (5250) ( 5.7%),Twin Brooks,3.0,109.0,112.0,1.0,2111.0,449.0,2559.0,0.0,120.0,72810.0,0.04051641258068946,465,1875,530,75,1385,1565,2.9,1945,915,205,85,70,305,625,1555,2480,63.2,58.4,1065,235,45,235.0
LANSDOWNE (5260) ( 0.0%),Twin Brooks,1.0,33.0,34.0,0.0,644.0,137.0,781.0,0.0,11.0,72810.0,0.012360939431396786,160,545,185,10,455,440,3.0,750,145,0,0,40,55,150,540,740,66.2,64.2,315,60,25,90.0
OGILVIE RIDGE (5300) ( 2.5%),Twin Brooks,1.0,40.0,42.0,0.0,780.0,166.0,946.0,0.0,16.0,72810.0,0.014970471089136107,155,715,185,30,550,535,3.0,805,275,20,10,10,55,175,700,930,67.2,63.4,475,30,0,15.0
RAMSAY HEIGHTS (5340) ( 4.0%),Twin Brooks,3.0,134.0,138.0,1.0,2594.0,551.0,3145.0,0.0,180.0,72810.0,0.04978711715423705,635,2335,610,50,1745,1885,2.9,2590,985,285,50,110,265,600,2130,2995,68.3,62.8,1395,240,35,210.0
RHATIGAN RIDGE (5350) ( 0.5%),Twin Brooks,3.0,120.0,124.0,1.0,2325.0,494.0,2820.0,0.0,145.0,72810.0,0.044636725724488395,595,2060,545,50,1610,1635,3.1,2240,980,110,25,40,205,520,1935,2655,63.8,60.3,1220,120,60,90.0
SKYRATTLER (5460) ( 7.6%),Twin Brooks,2.0,82.0,85.0,1.0,1599.0,340.0,1939.0,0.0,69.0,72810.0,0.03069633292130202,295,1670,260,10,1055,1185,2.7,1600,580,185,50,105,205,515,1225,1940,73.7,64.2,910,220,45,355.0
MAGRATH HEIGHTS (5476) ( 3.4%),Twin Brooks,3.0,139.0,144.0,1.0,2694.0,573.0,3266.0,0.0,195.0,72810.0,0.051709929954676555,840,2525,330,70,1830,1935,3.3,2345,1355,190,65,70,350,600,1975,2930,71.5,67.6,1505,195,40,225.0
MACTAGGART (5477) ( 3.1%),Twin Brooks,3.0,108.0,111.0,1.0,2089.0,444.0,2533.0,0.0,117.0,72810.0,0.04010438126630957,725,1950,245,0,1465,1455,3.2,1885,995,275,45,35,185,460,1540,2195,73.8,67.4,1195,130,10,135.0
TWIN BROOKS (5511) ( 3.8%),Twin Brooks,6.0,240.0,248.0,2.0,4654.0,989.0,5644.0,1.0,581.0,72810.0,0.08934212333470677,980,4480,990,60,3235,3275,3.0,4245,2130,220,135,205,625,1305,3600,5530,68.7,63.9,2760,415,75,400.0
WESTBROOK ESTATES (5540) ( 2.2%),Twin Brooks,1.0,49.0,50.0,0.0,944.0,201.0,1145.0,0.0,24.0,72810.0,0.018129377832715288,240,840,225,15,695,630,3.0,830,365,115,130,25,95,170,810,1080,57.1,54.8,430,60,30,160.0
HADDOW (5610) ( 1.9%),Twin Brooks,4.0,155.0,160.0,2.0,3001.0,638.0,3640.0,0.0,242.0,72810.0,0.05761571212745502,775,2860,515,50,2020,2175,3.0,2675,1465,170,55,75,310,685,2425,3420,72.4,67.8,1915,135,10,235.0
HODGSON (5620) ( 3.3%),Twin Brooks,2.0,93.0,96.0,1.0,1799.0,383.0,2182.0,0.0,87.0,72810.0,0.03454195852218102,460,1790,250,20,1185,1330,3.1,1380,1085,120,55,20,215,435,1405,2055,67.2,62.5,965,170,20,115.0
LEGER (5630) ( 9.0%),Twin Brooks,3.0,111.0,115.0,1.0,2154.0,458.0,2611.0,0.0,124.0,72810.0,0.04134047520944925,525,2060,405,20,1480,1535,3.1,1435,1500,220,75,35,220,490,1780,2490,66.0,60.8,1195,155,35,175.0
TERWILLEGAR TOWNE (5640) ( 3.8%),Twin Brooks,5.0,214.0,221.0,2.0,4150.0,882.0,5032.0,1.0,462.0,72810.0,0.07965938744677929,1310,4115,350,30,2775,3025,3.2,3980,1650,310,170,90,440,950,3105,4490,76.1,72.0,2565,345,55,295.0
SOUTH TERWILLEGAR (5642) ( 4.3%),Twin Brooks,8.0,339.0,351.0,3.0,6579.0,1399.0,7977.0,1.0,1161.0,72810.0,0.12628759785743718,2155,6620,400,20,4640,4560,3.0,5610,3305,675,290,230,565,1755,4720,7040,79.0,73.6,4095,655,60,675.0
CALLINGWOOD NORTH (4070) ( 7.3%),West Jasper Place,8.0,326.0,336.0,2.0,4183.0,736.0,4919.0,1.0,162.0,41705.0,0.06234264476681453,580,1845,160,15,1305,1295,2.9,1645,870,420,85,200,255,535,1235,2020,77.5,68.9,1025,250,45,430.0
CALLINGWOOD SOUTH (4080) ( 9.1%),West Jasper Place,20.0,766.0,790.0,4.0,9838.0,1731.0,11568.0,2.0,897.0,41705.0,0.1466251049034888,1065,4380,585,80,3005,3110,2.8,3805,2060,965,245,605,930,1620,2500,5045,71.5,64.4,2280,635,190,1220.0
ELMWOOD (4140) ( 6.2%),West Jasper Place,9.0,349.0,360.0,2.0,4488.0,790.0,5278.0,1.0,187.0,41705.0,0.06689845342285097,405,2020,315,45,1365,1425,2.9,2090,640,240,60,250,360,825,1200,2380,69.8,62.3,1000,285,105,215.0
GLENWOOD (4180) ( 5.5%),West Jasper Place,17.0,651.0,672.0,3.0,8366.0,1472.0,9837.0,2.0,648.0,41705.0,0.12468528953362906,765,3550,725,160,2530,2670,2.7,3275,1770,745,160,400,970,1415,2055,4435,67.4,61.3,1940,465,180,685.0
JASPER PARK (4230) ( 10.2%),West Jasper Place,6.0,220.0,227.0,1.0,2823.0,497.0,3320.0,1.0,74.0,41705.0,0.04208128521759981,270,1270,165,50,835,930,2.7,1265,450,200,40,120,220,440,830,1485,73.7,68.4,735,180,35,360.0
LA PERLE (4240) ( 5.0%),West Jasper Place,17.0,659.0,680.0,3.0,8470.0,1490.0,9960.0,2.0,665.0,41705.0,0.1262438556527994,1090,3620,525,40,2600,2665,2.9,3840,1360,440,65,500,750,1235,2195,4180,71.0,65.0,2155,310,90,740.0
MEADOWLARK PARK (4310) ( 7.1%),West Jasper Place,9.0,343.0,353.0,2.0,4400.0,774.0,5174.0,1.0,179.0,41705.0,0.0655796667066299,320,1760,520,130,1320,1410,2.7,2120,590,175,25,110,305,750,1360,2410,60.4,56.2,1040,175,65,185.0
SHERWOOD (4500) ( 7.2%),West Jasper Place,4.0,170.0,176.0,1.0,2188.0,385.0,2573.0,0.0,44.0,41705.0,0.032609998801102984,155,1080,105,15,680,680,2.8,885,430,195,50,125,255,375,570,1200,74.6,69.2,620,120,55,180.0
SUMMERLEA (4520) ( 5.3%),West Jasper Place,6.0,242.0,249.0,1.0,3105.0,546.0,3651.0,1.0,89.0,41705.0,0.04627742476921232,215,1355,305,55,940,990,2.7,1190,675,155,65,90,305,525,880,1715,67.0,62.0,835,95,100,195.0
TERRA LOSA (4540) ( 3.8%),West Jasper Place,6.0,241.0,248.0,1.0,3089.0,543.0,3632.0,1.0,88.0,41705.0,0.046037645366263036,140,1135,565,80,790,1130,2.4,1260,640,85,20,40,225,530,1015,1780,57.9,53.1,705,115,80,205.0
THORNCLIFF (4560) ( 5.7%),West Jasper Place,12.0,475.0,490.0,2.0,6097.0,1073.0,7170.0,1.0,344.0,41705.0,0.09087639371777964,765,2625,380,25,1815,1980,3.0,2300,1295,610,200,470,540,915,1575,3030,68.6,61.7,1140,460,195,440.0
WEST JASPER PLACE (4580) ( 12.0%),West Jasper Place,10.0,402.0,415.0,2.0,5164.0,908.0,6073.0,1.0,247.0,41705.0,0.07696918834672102,470,2390,310,40,1610,1600,2.8,1885,1170,450,160,335,665,705,1370,2740,70.3,62.0,1180,340,105,655.0
WEST MEADOWLARK PARK (4590) ( 5.6%),West Jasper Place,10.0,380.0,392.0,2.0,4883.0,859.0,5742.0,1.0,221.0,41705.0,0.0727730487951085,570,2085,320,60,1535,1500,2.8,1985,895,275,155,230,400,755,1305,2460,71.7,66.9,1215,210,170,345.0
OLIVER (1150) ( 7.2%),Woodcroft East,22.0,1050.0,1103.0,32.0,10914.0,1959.0,12873.0,3.0,5548.0,54135.0,0.32012561189618544,660,14060,2240,370,8735,8595,2.2,12135,4190,1260,1005,845,1325,3835,11515,16670,74.8,69.5,5730,2670,2515,2650.0
PRINCE RUPERT (1170) ( 9.5%),Woodcroft East,2.0,82.0,86.0,2.0,850.0,153.0,1003.0,0.0,34.0,54135.0,0.02493765586034913,130,1095,105,25,715,635,2.8,945,370,100,35,40,200,390,630,1225,73.5,65.3,630,90,60,145.0
QUEEN MARY PARK (1180) ( 7.9%),Woodcroft East,9.0,451.0,474.0,14.0,4686.0,841.0,5526.0,1.0,1023.0,54135.0,0.13743419229703518,940,6030,430,35,4030,3410,2.7,3960,3185,1600,290,480,1065,1930,3505,6500,77.6,68.5,2685,985,550,1500.0
SPRUCE AVENUE (1230) ( 12.0%),Woodcroft East,2.0,102.0,108.0,3.0,1064.0,191.0,1255.0,0.0,53.0,54135.0,0.03121825066962224,310,1205,155,25,875,810,2.8,1190,430,175,70,295,200,385,800,1385,67.9,60.6,485,180,100,345.0
WESTWOOD (1250) ( 13.1%),Woodcroft East,4.0,179.0,188.0,5.0,1858.0,333.0,2191.0,1.0,161.0,54135.0,0.054493396139281426,255,2450,210,40,1685,1265,2.5,1815,920,340,215,340,525,815,1355,2695,70.5,61.6,1040,455,90,745.0
ATHLONE (3010) ( 3.5%),Woodcroft East,4.0,202.0,212.0,6.0,2097.0,376.0,2473.0,1.0,205.0,54135.0,0.06151288445552785,550,2385,335,60,1700,1635,3.0,2230,1035,230,65,245,605,960,1220,2780,69.4,62.2,1365,240,70,220.0
INGLEWOOD (3240) ( 8.8%),Woodcroft East,8.0,392.0,413.0,12.0,4081.0,732.0,4813.0,1.0,776.0,54135.0,0.11970074812967581,880,4945,565,90,3370,3105,2.7,4335,1895,815,245,730,1035,1720,2845,5595,73.1,63.4,2315,790,285,1215.0
PRINCE CHARLES (3350) ( 7.3%),Woodcroft East,2.0,89.0,93.0,3.0,923.0,166.0,1088.0,0.0,40.0,54135.0,0.027061974692897388,260,1090,105,10,745,725,2.9,1135,330,90,0,280,270,370,570,1205,71.0,63.1,555,95,90,195.0
SHERBROOKE (3410) ( 6.1%),Woodcroft East,3.0,152.0,160.0,5.0,1578.0,283.0,1861.0,0.0,116.0,54135.0,0.04627320587420338,405,1850,215,35,1265,1240,2.8,1960,495,115,50,245,480,620,1005,2105,72.4,63.6,975,205,45,280.0
WELLINGTON (3430) ( 7.7%),Woodcroft East,4.0,198.0,208.0,6.0,2056.0,369.0,2425.0,1.0,197.0,54135.0,0.060312182506696226,660,2185,365,50,1680,1590,2.9,2585,630,250,50,290,570,830,1205,2605,66.2,60.7,1180,205,120,530.0
WESTMOUNT (3440) ( 7.7%),Woodcroft East,8.0,383.0,403.0,12.0,3986.0,715.0,4702.0,1.0,740.0,54135.0,0.1169298974785259,900,4810,585,35,3085,3245,2.7,4960,1145,320,225,370,555,1235,3645,5430,80.0,73.5,2685,570,435,760.0
DOVERCOURT (3170) ( 5.8%),Woodcroft West,3.0,129.0,134.0,1.0,1551.0,263.0,1814.0,1.0,176.0,28525.0,0.0785276073619632,450,1570,170,50,1190,1045,2.8,1875,310,105,50,165,335,530,915,1780,74.2,67.8,940,160,35,205.0
GLENORA (3200) ( 6.1%),Woodcroft West,5.0,215.0,222.0,2.0,2580.0,437.0,3017.0,2.0,486.0,28525.0,0.13058720420683612,665,2445,560,50,1835,1885,3.0,2890,775,105,60,75,320,620,2115,3060,69.1,64.1,1425,150,135,290.0
GROVENOR (3210) ( 8.0%),Woodcroft West,3.0,133.0,137.0,2.0,1596.0,270.0,1867.0,1.0,186.0,28525.0,0.08080631025416302,390,1630,245,35,1120,1185,2.8,1920,340,85,45,115,285,475,1150,1910,73.4,67.1,975,140,60,150.0
MCQUEEN (3300) ( 5.8%),Woodcroft West,2.0,98.0,101.0,1.0,1174.0,199.0,1373.0,1.0,101.0,28525.0,0.05942156003505697,305,1200,155,30,850,840,3.1,1310,330,110,55,130,200,400,780,1385,68.1,61.6,635,100,60,135.0
NORTH GLENORA (3310) ( 5.7%),Woodcroft West,3.0,114.0,118.0,1.0,1375.0,233.0,1607.0,1.0,138.0,28525.0,0.06958808063102542,345,1430,165,45,985,995,2.8,1655,310,100,15,145,200,325,1115,1645,76.6,71.7,860,115,90,185.0
WOODCROFT (3450) ( 6.7%),Woodcroft West,3.0,131.0,136.0,2.0,1576.0,267.0,1842.0,1.0,181.0,28525.0,0.07975460122699386,420,1510,305,45,1035,1240,2.8,1570,605,180,100,110,285,540,1035,1855,64.7,59.6,780,180,95,260.0
BRITANNIA YOUNGSTOWN (4060) ( 7.6%),Woodcroft West,6.0,284.0,293.0,3.0,3408.0,577.0,3984.0,2.0,849.0,28525.0,0.17248028045574057,785,3540,520,75,2495,2420,2.7,3285,1515,570,120,440,970,1185,1985,4135,68.9,62.2,1890,365,185,925.0
CANORA (4090) ( 8.7%),Woodcroft West,4.0,198.0,205.0,2.0,2383.0,403.0,2786.0,2.0,415.0,28525.0,0.12059596844872919,565,2540,315,15,1905,1535,2.8,2340,1005,370,95,530,605,940,1325,2870,71.1,61.1,1270,330,80,620.0
HIGH PARK (4200) ( 4.0%),Woodcroft West,2.0,91.0,95.0,1.0,1098.0,186.0,1284.0,1.0,88.0,28525.0,0.05556529360210342,240,1150,145,50,795,785,2.8,1275,270,55,30,125,340,420,585,1340,69.1,60.6,630,95,30,100.0
MAYFIELD (4290) ( 2.7%),Woodcroft West,3.0,119.0,123.0,1.0,1427.0,241.0,1668.0,1.0,149.0,28525.0,0.07221735319894829,325,1450,230,50,1065,990,2.8,1685,355,85,20,205,365,555,810,1730,69.9,65.0,915,140,10,210.0
TRUMPETER AREA (4471) ( 2.8%),Woodcroft West,2.0,69.0,71.0,1.0,828.0,140.0,968.0,1.0,50.0,28525.0,0.04189307624890447,245,900,50,0,615,585,2.8,1000,180,50,20,65,55,205,690,945,85.2,81.5,685,10,10,20.0
HAWKS RIDGE (4473) ( 0.0%),Woodcroft West,0.0,18.0,18.0,0.0,211.0,36.0,247.0,0.0,3.0,28525.0,0.010692375109553023,45,265,0,0,155,145,2.6,275,35,10,0,15,0,70,190,265,84.9,83.0,200,10,0,0.0
STARLING (4474) ( 3.6%),Woodcroft West,1.0,38.0,39.0,0.0,457.0,77.0,534.0,0.0,15.0,28525.0,0.0231375985977213,120,520,20,0,315,345,2.7,530,120,40,15,10,30,120,395,545,85.2,83.3,425,0,0,30.0
KINOKAMAU PLAINS AREA (4475) ( 8.1%),Woodcroft West,0.0,8.0,8.0,0.0,94.0,16.0,109.0,0.0,1.0,28525.0,0.004732690622261174,10,100,20,0,80,60,3.0,120,10,0,0,0,25,45,55,120,75.0,58.3,65,10,10,
